GEM location ID,bus_id
L100000200210,way/377588191-220
L100000200211,way/377588191-220
L100000200219,way/109756016-380
L100000200220,way/144006711-220
L100000200223,way/116692433-220
L100000200228,way/81938081-380
L100000200205,IT135-220
L100000200279,way/81938081-380
L100000200290,IT67-220
L100000200310,way/105141350-220
L100000400336,way/98638424-220
L100000400338,IT30-220
L100000400339,way/110330925-380
L100000102860,way/100407576-380
L100000400342,way/172302572-380
L100000408812,way/303915533-220
L100000400344,way/60616350-380
L100000400345,way/375922076-220
L100000400346,way/84277460-220
L100000400349,IT71-220
L100000407559,way/339104227-380
L100000400353,way/288149641-220
L100000400354,way/289178949-220
L100000102841,way/145665799-380
L100000400358,way/84277460-220
L100000400360,way/171270810-380
L100000400361,way/133601335-380
L100000400362,way/100952845-380
L100000400363,way/339706878-380
L100000408810,way/75378894-220
L100000400364,way/82084019-380
L100000400365,way/84277460-220
L100000400367,way/102287716-220
L100000408809,way/136762727-380
L100000400369,way/203468251-220
L100000400370,IT121-380
L100000400371,IT39-220
L100000400374,way/116797658-220
L100000407626,way/36873258-220
L100000400376,way/98900549-380
L100000400337,way/99826025-220
L100000102856,way/409439916-380
L100000408807,relation/17467354-380
L100000408801,way/57384507-220
L100000400379,way/59629638-220
L100000400380,way/60616350-380
L100000408800,way/41892273-400
L100000400359,way/139442467-380
L100000400382,way/36873258-220
L100000400383,way/107438024-380
L100000102849,way/105757794-380
L100000407625,way/116692433-220
L100000400389,way/60235685-380
L100000400391,way/103974940-380
L100000407550,way/98421779-380
L100000400392,way/107681459-380
L100000406398,way/107683818-380
L100000400394,IT50-220
L100000400395,way/100407576-380
L100000408799,way/653230504-380
L100000400397,way/653230504-380
L100000400399,way/338969614-220
L100000408798,way/338969614-220
L100001005574,way/105141307-220
L100000400400,way/432729521-380
L100000400401,way/1051991398-220
L100000102846,way/60725875-220
L100000400403,way/416989699-380
L100000400407,way/435429368-220
L100000400409,IT68-220
L100000400411,way/338753171-380
L100000400412,way/82078641-220
L100000407553,way/194186027-220
L100000400414,way/421827453-380
L100000104723,way/120916823-220
L100000408796,way/100113593-380
L100000408795,way/100113593-380
L100000408794,way/100113593-380
L100000400417,way/205597560-220
L100000400418,way/158739183-380
L100000400421,way/56984450-220
L100000408793,way/129406824-220
L100000408806,way/203225567
L100000408895,way/155158689-380
L100000401437,way/419423704-220
L100000400422,way/375922076-220
L100000407552,way/375922076-220
L100000400410,way/375922076-220
L100000407555,way/149997403-380
L100000400424,way/78066534-380
L100000400425,way/109993642-380
L100001025627,way/414663585-380
L100000400428,way/414663585-380
L100000400430,way/109588422-380
L100000400432,way/181125039-380
L100000407556,way/338969614-220
L100000400434,way/350356755-220
L100000400435,way/418565264-380
L100000408791,way/98900549-380
L100000400436,way/339703159-220
L100000408790,way/255011550-380
L100000400438,way/109756016-380
L100000400446,way/82084019-380
L100000400451,way/61038773-220
L100000400448,way/203468251-220
L100000400452,way/199675964-380
L100000400453,way/339706878-380
L100000400454,way/419423705-380
L100000408822,way/84277460-220
L100000408762,way/185576620-220
L100000407557,way/185576620-220
L100000400457,way/162960205-220
L100000400459,way/166196787-220
L100000400460,way/58931857-380
L100000400461,way/338948868-220
L100000400465,way/411026199-380
L100000400466,way/157666416-220
L100000400366,way/132701980-380
L100000407558,way/61650514-220
L100000400468,way/377830944-220
L100000400469,way/82767145-220
L100000400471,way/59462715-380
L100000400472,way/375908008-220
L100000400474,way/162828577-220
L100000102858,way/103653591-380
L100000408761,way/104321356-220
L100000400477,way/99694910-380
L100000400478,way/98901130-380
L100000102842,way/418902800-380
L100000102844,way/375892272-220
L100000102854,way/82767145-220
L100000907711,way/74943205-380
L100000907712,IT125-380
L100000907726,way/126203383-380
L100000907751,way/338795626-380
L100000907773,way/257351439-380
L100000907784,way/103386958-380
L100000907962,way/338760116-380
L100000907968,way/103306951-380
L100000907972,way/339706880-380
L100000908089,IT119-380
L100000908206,way/303965869-380
L100000908218,way/1155109902-220
L100000908267,way/257351439-380
L100000908275,way/338948868-220
L100000908280,way/419423700-220
L100000908289,way/84277460-220
L100000908290,way/419423700-220
L100000908335,IT134-380
L100000908348,way/136762727-380
L100000908376,way/209982720-380
L100000908551,way/338760116-380
L100000908562,way/209982720-380
L100000908563,way/60616350-380
L100000908576,way/449694943-380
L100000908615,way/171270810-380
L100000908647,way/257351439-380
L100000908701,way/171270810-380
L100000908743,way/435433908-220
L100000908764,way/209982720-380
L100000908802,way/103386958-380
L100000908881,way/103386958-380
L100000909079,IT137-220
L100000909107,way/209982720-380
L100000909238,way/60235685-380
L100000909258,way/303965869-380
L100000909269,way/449694943-380
L100000909276,way/418902800-380
L100000909360,way/84277460-220
L100000909397,way/203225567
L100000909416,way/338792752-380
L100000909426,way/105757795-220
L100000909456,way/103386958-380
L100000909468,way/449694943-380
L100000909490,way/303965869-380
L100000909520,way/338795626-380
L100000909521,way/139758444-220
L100000909665,way/209982720-380
L100000909685,way/60616350-380
L100000909699,way/60235685-380
L100000909702,way/57736541-220
L100000909704,way/139758444-220
L100000909773,way/60616350-380
L100000909856,way/209982720-380
L100000909864,way/257351439-380
L100000909902,way/377588185-220
L100000909928,way/338760116-380
L100000910002,IT127-380
L100000910042,IT127-380
L100000910100,way/209982720-380
L100000910120,way/53635045-220
L100000910121,way/53635045-220
L100000910130,way/57736553-220
L100000910132,IT141-380
L100000910133,way/419423700-220
L100000910140,IT125-380
L100000910182,way/303965869-380
L100000910196,way/257351439-380
L100000910215,way/257351439-380
L100000910229,way/209982720-380
L100000910282,way/257351439-380
L100000910304,way/1155116746-220
L100000910311,way/435433908-220
L100000910372,way/103386958-380
L100000910416,way/495354824-380
L100000910436,IT127-380
L100000910437,way/392068532-380
L100000910441,IT125-380
L100000910460,IT127-380
L100000910463,way/60616350-380
L100000910464,way/60235685-380
L100000910477,IT134-380
L100000910481,way/495354824-380
L100000910503,way/338760116-380
L100000910541,way/495354824-380
L100000910620,way/84277460-220
L100000910654,way/653230504-380
L100000910718,way/56984450-220
L100000910722,way/136762727-380
L100000910725,way/203225567
L100000910739,way/209982720-380
L100000910769,way/257351439-380
L100000910801,way/338948868-220
L100000910816,way/435433908-220
L100000910855,way/338795626-380
L100000910877,way/418565263-380
L100000910960,way/375908008-220
L100000910967,way/136762727
L100000910968,way/209982720-380
L100000910999,way/420698910-220
L100000911054,way/209982720-380
L100000911123,way/257351439-380
L100000911157,way/103306951-380
L100000911167,way/126203383-380
L100000911182,way/209982720-380
L100000911198,way/495354824-380
L100000911215,way/449694943-380
L100000911216,way/209982720-380
L100000911245,way/209982720-380
L100000911439,way/100113593-380
L100000911441,way/1155109902-220
L100000911447,way/257351439-380
L100000911455,IT119-380
L100000911457,way/209982720-380
L100000911460,IT125-380
L100000911500,way/171270810-380
L100000911504,way/420698910-220
L100000911514,way/419423700-220
L100000911551,way/136762727-220
L100000911631,way/495354824-380
L100000911649,way/495354824-380
L100000911665,way/420698910-220
L100000911668,way/495354824-380
L100000911671,way/59219335-380
L100000911679,way/414663585-380
L100000911683,way/1098087457-380
L100000911685,way/257351439-380
L100000911706,way/338795626-380
L100000911721,way/495354824-380
L100000911725,IT133-220
L100000911729,way/110310021-380
L100000911744,way/57736541-220
L100000911753,way/56984450-220
L100000911754,way/110138220-220
L100000911784,way/495354824-380
L100000911846,way/118987056-380
L100000911935,IT137-220
L100000911939,way/338760116-380
L100000912023,way/495354824-380
L100000912036,way/375908008-220
L100000912118,way/209982720-380
L100000912131,way/103386958
L100000912148,IT143-380
L100000912150,way/432871052-220
L100000912151,way/56984450-220
L100000912152,IT119-380
L100000912153,way/57403755-220
L100000912154,way/338760116-380
L100000912158,way/303965869-380
L100000912172,way/199676823-380
L100000912174,way/257351439-380
L100000912181,IT124-380
L100000912187,way/136762727
L100000912198,way/338948868-220
L100000912204,way/338795626-380
L100000912205,way/60235685-380
L100000912248,way/338948868-220
L100000912299,way/653230504-380
L100000912306,way/107681459-380
L100000912316,way/419423700-220
L100000912317,IT119-380
L100000912322,way/495354824-380
L100000912323,way/53635045-220
L100000912324,way/1155116746-220
L100000912325,way/1097982502-380
L100000912357,way/419423700-220
L100000912383,way/409768426-220
L100000912385,way/209982720-380
L100000912514,way/338790588-380
L100000912570,way/60616350-380
L100000912573,way/118987056-380
L100000912576,way/118987056-380
L100000912708,IT125-380
L100000912709,way/171270810-380
L100000912717,way/338792752-380
L100000912734,way/338948868-220
L100000912735,way/56984450-220
L100000912738,IT143-380
L100000912745,way/209982720-380
L100000912749,way/209982720-380
L100000912752,way/60235685-380
L100000912765,way/109756016-380
L100000912771,way/988654143-380
L100000912802,way/109756016-380
L100000912814,way/338795626-380
L100000912820,way/338795626-380
L100000912827,way/338792752-380
L100000912849,way/60235685-380
L100000912883,IT125-380
L100000912889,way/891280888-380
L100000912925,way/338948868-220
L100000912950,way/338948868-220
L100000912951,way/136762727
L100000913049,way/84277460-220
L100000913050,way/84277460-220
L100000913065,way/338948868-220
L100000913081,way/109997676-380
L100000913093,IT125-380
L100000913110,way/420698910-220
L100000913176,way/103306951-380
L100000913179,way/136762727-380
L100000913180,way/61157826-380
L100000913182,IT119-380
L100000913216,way/495354824-380
L100000913232,way/257351439-380
L100000913255,way/321724202-380
L100000913325,IT119-380
L100000913348,way/392068532-380
L100000913365,way/432871052-220
L100000913380,way/185576620-220
L100000913390,way/409768426-220
L100000913423,way/141046481-220
L100000913461,way/84277460-220
L100000913462,way/84277460-220
L100000913465,way/60235685-380
L100000913487,way/209982720-380
L100000913531,way/103386958
L100000913543,way/257351439-380
L100000913584,way/136762727
L100000913587,way/209982720-380
L100000913648,way/56984450-220
L100000913680,way/56984450-220
L100000913711,way/60235685-380
L100000913718,way/338795626-380
L100000913720,way/495354824-380
L100000913740,way/56984450-220
L100000913746,way/257351439-380
L100000913754,way/209982720-380
L100000913821,IT125-380
L100000913841,way/1100665914-380
L100000913849,way/209982720-380
L100000913859,way/1097982502-380
L100000913904,way/418902800-380
L100000913931,way/257351439-380
L100000914019,way/57403755-220
L100000914024,way/303965869-380
L100000914043,way/257351439-380
L100000914091,way/303965869-380
L100000914093,way/418565264-380
L100000914104,way/338948868-220
L100000914122,way/495354824-380
L100000914158,way/171270810-380
L100000914161,way/420698910-220
L100000914168,IT127-380
L100000914169,way/60616350-380
L100000914179,way/109756016-380
L100000914197,way/56984450-220
L100000914213,way/209982720-380
L100000914255,way/171270810-380
L100000914308,IT134-380
L100000914313,IT127-380
L100000914317,way/653230504-380
L100000914318,way/257351439-380
L100000914378,IT134-380
L100000914383,way/339706880-380
L100000914394,way/209982720-380
L100000914400,way/392068532-380
L100000914416,IT142-380
L100000914473,IT119-380
L100000914497,way/418565264-380
L100000914587,IT143-380
L100000914596,way/109756016-380
L100000914631,way/338948868-220
L100000914725,way/338792752-380
L100000914740,way/392068532-380
L100000914751,way/257351439-380
L100000914755,way/1155116746-220
L100000914765,IT119-380
L100000914771,IT141-380
L100000914775,IT127-380
L100000914842,way/61157826-380
L100000914995,way/109756016-380
L100000915120,way/891280888-380
L100000915129,way/126203383-380
L100000915155,way/1098087457-380
L100000915161,way/136762727-380
L100000915167,IT125-380
L100000915171,way/1098087457-380
L100000915177,way/449694943-380
L100000915202,way/338760116-380
L100000915209,way/303965869-380
L100000915221,way/891280888-380
L100000915238,way/57403755-220
L100000915240,way/60235685-380
L100000915304,way/104321356-220
L100000915305,IT119-380
L100000915306,way/303965869-380
L100000915313,way/171270810-380
L100000915367,way/257351439-380
L100000915368,way/1155116746-220
L100000915410,way/257351439-380
L100000915414,way/144005861-220
L100000915415,way/144005861-220
L100000915433,way/61157826-380
L100000915441,way/1097982502-380
L100000915451,way/103306951-380
L100000915453,way/171270810-380
L100000915454,way/171270810-380
L100000915478,way/144006711-220
L100000915504,way/209982720-380
L100000915569,way/57403755-220
L100000915600,way/375892272-220
L100000915672,way/303965869-380
L100000915678,way/141046481-220
L100000915849,way/136762727
L100000916036,way/56984450-220
L100000916127,way/143585004-380
L100000916320,way/145665799-380
L100000916358,way/375908008-220
L100000920389,way/449694943-380
L100000920390,way/257351439-380
L100000920391,way/432729521-380
L100000920392,way/303965869-380
L100000920394,way/199675964-380
L100000920395,way/338948868-220
L100000920397,way/495354824-380
L100000920398,IT125-380
L100000920402,way/1155116746-220
L100000920403,way/53635045-220
L100000920404,way/203225567
L100000920405,way/495354824-380
L100000920407,way/375908008-220
L100000920408,way/60913666-380
L100000920409,way/60913666-380
L100000920410,way/203225567
L100000920411,way/409768426-220
L100000920412,way/56984450-220
L100000920413,way/255011550-380
L100000920414,way/199675964-380
L100000920415,way/109756016-380
L100000920416,way/109756016-380
L100000920417,way/57403755-220
L100000920418,way/56984450-220
L100000920421,way/303965869-380
L100000920422,way/375922075-220
L100000920424,way/1155116746-220
L100000920427,way/144005861-220
L100000920428,way/103386958
L100000920429,IT142-380
L100000920430,way/109756016-380
L100000920431,way/209982720-380
L100000920432,way/257351439-380
L100000920434,way/136762727-380
L100000920435,way/255011550-380
L100000920436,way/255011550-380
L100000920438,way/103386958
L100000920439,way/375908008-220
L100000920440,way/57736541-220
L100000920441,way/126203383-380
L100000920442,way/146791215-380
L100000920443,way/57403755-220
L100000920444,way/149997403-380
L100000920445,way/158739183-380
L100000920447,way/392068532-380
L100000920448,IT134-380
L100000920449,way/171270810-380
L100000920451,way/53635045-220
L100000920452,way/449694943-380
L100000920453,way/338948868-220
L100000920454,way/409768426-220
L100000920455,way/141046481-220
L100001004290,way/418565264-380
L100001004303,way/171270810-380
L100001004323,way/449694943-380
L100001004338,IT125-380
L100001004339,way/418565264-380
L100001004344,way/171270810-380
L100001004346,way/257351439-380
L100001004418,way/145665862-380
L100001004527,way/209982720-380
L100001004528,way/449694943-380
L100000822791,way/339706880-380
L100000822800,IT142-380
L100000806857,way/81938081-380
L100001004213,way/339706880-380
L100000805822,way/59219335-380
L100000822849,way/172302572-380
L100000822856,way/172302572-380
L100000805817,way/303915533-220
L100000823835,way/303915533-220
L100000824001,way/339706880-380
L100001004253,way/56984450-220
L100000806575,way/159158469-220
L100000806937,way/60913666-380
L100000805762,way/59219335-380
L100001042900,way/59219335-380
L100000823034,way/58931857-380
L100000806938,way/84277460-220
L100000823047,way/339706880-380
L100000805731,way/60888331-380
L100000823105,way/103386958
L100000806002,IT90-220
L100000806833,way/436352445-220
L100000823161,way/57736541-220
L100000805753,way/203225567
L100000823175,way/418565263-380
L100000805823,way/114661587-220
L100000823251,way/141046481-220
L100000823252,way/141046481-220
L100000823253,way/144005861-220
L100000823261,way/339706880-380
L100001004211,way/338948868-220
L100000823279,way/891280888-380
L100000805934,way/339706880-380
L100000823291,way/61626687-380
L100000806934,way/172302572-380
L100000806832,way/436352445-220
L100000805741,way/303915533-220
L100001004243,way/449694943-380
L100001004168,way/1155116746-220
L100001004251,way/1155116746-220
L100000806015,IT119-380
L100000823420,way/59219335-380
L100000806013,way/420698910-220
L100000805789,way/202711181-220
L100000805913,way/144006711-220
L100001004214,way/203225567
L100000822827,way/61157826-380
L100000823627,way/1158716725
L100000805816,way/203225567
L100000806936,way/126203383-380
L100001004219,way/418902800-380
L100000823311,way/58931857-380
L100000805821,way/303965869-380
L100000806858,way/149997403-380
L100000806549,way/136762727
L100000805732,way/82084013-380
L100000823803,way/1158716725
L100000823836,way/409768426-220
L100000806324,way/144005861-220
L100001004229,way/82759380-380
L100001004235,way/339706880-380
L100000806014,way/418565263-380
L100001004256,way/507064051-220
L100000823907,way/1155116746-220
L100000805790,IT82-220
L100000805820,way/209982720-380
L100000823935,way/61157826-380
L100000823939,way/339706880-380
L100001042901,way/339706880-380
L100000823955,way/339706880-380
L100000823983,way/339706880-380
L100000824003,way/339706880-380
L100000824004,way/339706880-380
L100000824005,way/339706880-380
L100000824007,way/339706880-380
L100000824011,way/339706880-380
L100000824012,way/339706880-380
L100001004236,IT143-380
L100000822786,way/432871051-220
L100000822787,way/375922075-220
L100000822788,way/375922075-220
L100000822790,way/375922075-220
L100000822792,way/50589203-220
L100000822794,way/56984450-220
L100000822795,way/56984450-220
L100000822796,way/56984450-220
L100000822797,way/56984450-220
L100000822798,way/56984450-220
L100000822799,way/36873258-220
L100000822801,way/309371152-220
L100000822802,way/309371152-220
L100000822804,way/101346508-220
L100000822805,way/101346508-220
L100000822806,way/101346508-220
L100000822807,way/101346508-220
L100000822808,way/101346508-220
L100000822809,way/101346508-220
L100000822810,way/101346508-220
L100000822811,way/101346508-220
L100000822812,way/101346508-220
L100000822813,way/101346508-220
L100000822814,way/101346508-220
L100000822815,IT44-380
L100000822816,way/419423705-380
L100000822817,way/419423705-380
L100000822818,way/419423705-380
L100000822819,way/419423705-380
L100000822820,way/60913666-380
L100000822821,IT137-220
L100000822822,IT137-220
L100000822823,IT137-220
L100000822824,way/157666416-220
L100000822828,way/339706878-380
L100000822829,way/339706878-380
L100000822830,way/339706878-380
L100000822831,way/339706878-380
L100000822832,way/339706878-380
L100000822834,way/61626687-380
L100000822835,way/61626687-380
L100000822837,way/36873258-220
L100000822838,way/36873258-220
L100000822839,way/36873258-220
L100000822842,way/42862642-220
L100000822843,way/1158716725
L100000822844,way/1158716725
L100000822845,way/1158716725
L100000822847,way/1158716725
L100000822848,way/1158716725
L100000822850,way/172302572-380
L100000822851,way/172302572-380
L100000822852,way/36873258-220
L100001003886,way/375922076-220
L100000822854,way/289178949-220
L100000822855,way/436352445-220
L100000822858,way/363469921-380
L100000822861,way/155158689-380
L100000822862,way/60616350-380
L100000822866,IT124-380
L100000822868,way/120916823-220
L100000822869,way/61157826-380
L100000822871,way/61626687-380
L100000822872,way/375922076-220
L100000822873,way/375922076-220
L100000822874,way/375922076-220
L100000822875,way/420698910-220
L100000822877,way/84277460-220
L100000822878,way/84277460-220
L100000822879,IT12-220
L100000822880,way/84277460-220
L100001003888,way/99826025-380
L100000822883,way/61157826-380
L100000822884,way/120916823-220
L100000822885,way/120916823-220
L100000822886,way/120916823-220
L100000822887,way/420698910-220
L100000822888,way/61626687-380
L100000822889,way/61626687-380
L100000823294,way/172302572-380
L100000823728,way/321724202-380
L100000822891,way/50589203-220
L100000822892,way/50589203-220
L100000822893,way/99694910-380
L100000822895,way/891280888-380
L100000822896,way/891280888-380
L100000822897,way/891280888-380
L100000822899,way/42206116-380
L100000822900,way/144378054-220
L100000822901,way/144378054-220
L100000822903,IT137-220
L100000822904,IT137-220
L100000822905,way/144006711-220
L100000822908,way/144006711-220
L100000823180,way/449694943-380
L100000823310,way/1158716725
L100000823807,way/420698910-220
L100001003889,way/1158716725
L100000822910,way/163058980-220
L100000822911,way/101346508-220
L100000822912,way/103386958
L100000822913,way/163058980-220
L100000822914,way/99694910-380
L100000822915,way/78066534-380
L100000822917,IT44-380
L100000822918,way/98901130-380
L100000822919,way/109993642-380
L100000822922,IT133-220
L100000822923,IT133-220
L100000822924,IT133-220
L100000822925,way/420698910-220
L100000822926,way/139442467-220
L100000822927,way/375908008-220
L100000822928,way/39255054-380
L100000822929,way/72570474-380
L100000822930,way/56984450-220
L100001003893,way/53635045-220
L100001003894,way/375908008-220
L100001003895,way/57403755-220
L100000822932,way/435433908-220
L100000822933,way/56984450-220
L100000822934,IT131-380
L100000822935,way/42206116-380
L100000822936,way/139442467-220
L100000822937,way/139442467-220
L100000822938,way/56984450-220
L100000822939,way/56984450-220
L100000822940,way/56984450-220
L100000822941,way/50589203-220
L100000822942,way/50589203-220
L100000822944,way/56984450-220
L100000822945,way/56984450-220
L100000822946,way/36873258-220
L100000822947,way/56984450-220
L100000822948,way/56984450-220
L100000822949,way/56984450-220
L100000822950,way/78066534-380
L100000822951,way/140715391-380
L100000822952,way/140715391-380
L100000822953,way/140715391-380
L100000822954,way/100113593-380
L100000822955,way/100113593-380
L100000822956,way/100113593-380
L100000822957,way/61626687-380
L100000822958,way/61626687-380
L100000822959,way/61626687-380
L100000822961,way/56984450-220
L100000822962,way/60235685-380
L100000822963,way/172705586-220
L100000822965,way/155158689-380
L100000822966,way/155158689-380
L100000822967,way/155158689-380
L100000822968,way/155158689-380
L100000822969,way/155158689-380
L100000822970,way/339706880-380
L100000822971,way/60616350-380
L100000822972,way/257351439-380
L100000822973,way/116518388-380
L100000822974,way/419423705-380
L100000822975,way/303965869-380
L100000822976,IT74-220
L100000822977,way/419423705-380
L100000822978,way/419423705-380
L100000822979,way/419423705-380
L100000822980,way/419423705-380
L100001003890,way/58992998-380
L100000822981,way/309371152-220
L100000822982,way/185576620-220
L100000822983,IT94-380
L100000822984,IT94-380
L100000822985,way/60616350-380
L100000822986,way/101346508-220
L100000822987,way/116518388-380
L100000822988,way/162960205-220
L100000822989,way/60913666-380
L100000822990,way/107681459-380
L100000822991,way/59629638-220
L100000822993,way/419423705-380
L100000822994,IT137-220
L100000822995,IT137-220
L100000822996,IT137-220
L100000822997,IT137-220
L100000822998,way/448777455-220
L100000822999,way/448777455-220
L100000823000,way/339706878-380
L100000823001,way/289178949-220
L100000823002,way/157666416-220
L100000823003,way/139442467-220
L100000823004,way/419423705-380
L100000823005,way/419423705-380
L100000823006,way/36873258-220
L100000823007,way/36873258-220
L100000823008,way/36873258-220
L100000823009,way/36873258-220
L100000823010,IT64-220
L100000823011,way/155158689-380
L100000823012,way/185576620-220
L100000823013,way/185576620-220
L100000823014,way/101346508-220
L100000823015,way/139442467-220
L100000823016,way/98901130-380
L100000823017,way/289178949-220
L100000823018,way/436352445-220
L100000823019,IT94-380
L100000823020,way/56984450-220
L100000823021,way/375908008-220
L100000823023,IT94-380
L100000823024,IT94-380
L100000823025,way/421827453-380
L100000823026,way/116518388-380
L100000823027,IT44-380
L100000823028,way/120916823-220
L100000823029,way/163058980-220
L100000823030,way/50589203-220
L100000823031,way/339706879-380
L100000823032,way/339706878-380
L100000823033,way/172705586-220
L100000823036,way/50589203-220
L100000823037,way/50589203-220
L100000823038,way/50589203-220
L100000823039,way/50589203-220
L100000823040,way/50589203-220
L100000823042,way/303965869-380
L100000823043,way/100407576-380
L100000823044,way/144378054-220
L100000823045,way/144378054-220
L100000823046,way/144378054-220
L100000823048,way/339706880-380
L100000823049,way/155158689-380
L100000823050,way/155158689-380
L100000823051,way/155158689-380
L100000823052,IT121-380
L100000823053,IT121-380
L100000823054,way/61157826-380
L100000823055,way/84277460-220
L100000823056,way/84277460-220
L100000823057,way/82651599-220
L100000823058,way/99694910-380
L100000823059,way/436352445-220
L100000823060,way/81938081-380
L100000823061,way/136457747-220
L100000823062,way/99694910-380
L100000823063,way/99694910-380
L100000823064,way/99694910-380
L100000823065,IT131-380
L100000822789,way/57384507-220
L100000823066,way/375922075-220
L100000823068,IT44-380
L100000823070,way/98901130-380
L100000823071,way/309371152-220
L100000823072,IT74-220
L100000823073,IT74-220
L100000823074,IT74-220
L100000823075,IT44-380
L100000823076,way/172705586-220
L100000823077,way/136457747-220
L100000823078,way/42206116-380
L100000823079,way/42206116-380
L100000823080,way/1158716725
L100000823081,way/1158716725
L100000823082,way/1158716725
L100000823083,way/1158716725
L100000823084,way/1158716725
L100000823085,way/1158716725
L100000823086,way/109997676-380
L100000823087,IT44-380
L100000823088,way/436352445-220
L100000823089,way/436352445-220
L100000823090,IT12-220
L100000823091,IT131-380
L100000823092,way/84277460-220
L100000823093,IT121-380
L100000823094,way/436352445-220
L100000823095,way/436352445-220
L100000823096,way/436352445-220
L100000823097,way/436352445-220
L100000823098,way/436352445-220
L100000823099,way/84277460-220
L100000823100,way/103386958
L100000823101,way/375922075-220
L100000823103,way/42206116-380
L100001003891,way/891280888-380
L100000823104,way/61626687-380
L100000823106,way/363469921-380
L100000823107,way/60913666-380
L100000823108,IT137-220
L100000823109,IT137-220
L100000823110,way/36873258-220
L100000823111,way/36873258-220
L100000823112,way/36873258-220
L100000823113,way/136457747-220
L100000823114,way/136457747-220
L100000823117,way/98901130-380
L100000823118,way/81938081-380
L100000823119,way/81938081-380
L100001003892,IT141-380
L100000823121,way/116518388-380
L100000823122,way/116518388-380
L100000823124,way/109756016-380
L100000823126,way/99694910-380
L100000823127,way/99694910-380
L100000823128,way/99694910-380
L100000823129,way/99694910-380
L100000823130,way/60616350-380
L100000823131,way/303965869-380
L100000823132,way/95840602-380
L100000823133,way/375908008-220
L100000823134,way/109756016-380
L100000823552,way/350356755-220
L100000822867,way/338795626-380
L100000823135,way/120916823-220
L100000823136,way/120916823-220
L100000823137,way/120916823-220
L100000823138,way/99694910-380
L100000823139,way/116518388-380
L100000823409,way/57403755-220
L100000823140,way/420698910-220
L100000823141,way/420698910-220
L100000823142,way/420698910-220
L100000823143,way/420698910-220
L100000823145,way/61157826-380
L100000823022,way/53635045-220
L100000823146,way/36873258-220
L100000823147,way/339706880-380
L100000823148,way/74943205-380
L100001003896,way/56984450-220
L100001003897,way/56984450-220
L100001003898,way/56984450-220
L100000823149,way/107681459-380
L100000823150,way/101346508-220
L100000823151,way/339706878-380
L100000823153,way/136457747-220
L100000823155,way/363469921-380
L100000823156,way/363469921-380
L100000823157,way/363469921-380
L100000823158,way/363469921-380
L100000823159,way/363469921-380
L100000823160,way/363469921-380
L100000823162,way/39255054-380
L100000823163,way/39255054-380
L100000823164,way/109993642-380
L100000823165,IT94-380
L100000823167,way/363469921-380
L100000823168,way/363469921-380
L100000823169,way/363469921-380
L100000823170,way/363469921-380
L100000823171,way/436352445-220
L100000823172,way/375922076-220
L100000823173,IT131-380
L100000823176,IT124-380
L100000823177,IT124-380
L100000823178,IT124-380
L100000823179,IT124-380
L100000823181,IT124-380
L100000823182,IT124-380
L100000823183,IT124-380
L100000823184,IT124-380
L100000823185,IT124-380
L100000823186,IT124-380
L100000823188,way/1158716725
L100000823189,way/81931074-380
L100000823190,way/81931074-380
L100000823192,IT74-220
L100000823321,way/103386958
L100000823193,way/100407576-380
L100000823194,way/99694910-380
L100000823195,way/99694910-380
L100000823196,way/99694910-380
L100000823197,way/99694910-380
L100000823198,IT133-220
L100000823199,IT133-220
L100000823200,way/375922076-220
L100000823201,way/375922076-220
L100000823202,way/101346508-220
L100000823204,way/101346508-220
L100000823205,way/60616350-380
L100000823206,way/155976563-220
L100000823207,way/103386958
L100000823209,way/139442467-220
L100000823210,way/144006711-220
L100000823208,way/103386958
L100001003899,way/143585004-380
L100000823211,way/98901130-380
L100000823212,IT44-380
L100000823213,way/289178949-220
L100000823214,way/56984450-220
L100000823215,way/56984450-220
L100000823216,way/56984450-220
L100000823217,way/56984450-220
L100000823219,way/375922075-220
L100000823220,IT131-380
L100000823221,IT131-380
L100000823222,IT131-380
L100000823223,IT131-380
L100000823224,way/203225567
L100000823225,way/82651599-220
L100000823226,way/185576620-220
L100000823227,way/185576620-220
L100000823228,way/185576620-220
L100000823229,way/185576620-220
L100000823231,way/60913666-380
L100000823232,way/303965869-380
L100000823233,way/339706878-380
L100000823235,way/419423705-380
L100000823236,way/419423705-380
L100000823238,way/416989699-380
L100000823239,way/416989699-380
L100000823240,way/416989699-380
L100000823241,way/416989699-380
L100000823242,way/416989699-380
L100000823243,way/185576620-220
L100000823244,way/185576620-220
L100000823246,way/339706880-380
L100000823245,way/339706880-380
L100000823247,way/72570474-380
L100000823248,way/60616350-380
L100000823249,way/60235685-380
L100000823250,IT94-380
L100000823254,IT44-380
L100000823255,way/100407576-380
L100000823256,way/203225567
L100000823257,way/139442467-220
L100000823258,way/139442467-220
L100000823259,way/139442467-220
L100000823262,way/339706880-380
L100000823263,way/339706880-380
L100000823264,way/339706880-380
L100000823266,way/203225567
L100000823267,way/203225567
L100000823268,way/203225567
L100000823269,way/203225567
L100000823270,way/203225567
L100000823271,IT64-220
L100000823272,way/375922075-220
L100000823273,way/375922075-220
L100000823274,way/42206116-380
L100000823275,way/42206116-380
L100000823276,way/155976563-220
L100000823277,way/36873258-220
L100000823281,way/42862642-220
L100000823282,way/42862642-220
L100000823283,way/42862642-220
L100000823284,way/303965869-380
L100000823285,way/303965869-380
L100000823286,way/303965869-380
L100000823287,way/42862642-220
L100000823288,way/60616350-380
L100000823289,way/60616350-380
L100000823290,way/60616350-380
L100001003900,way/57380344-220
L100000823292,way/98901130-380
L100000823293,way/98901130-380
L100000823295,way/60235685-380
L100000823296,way/42862642-220
L100000823298,way/1158716725
L100000823299,way/1158716725
L100000823300,way/1158716725
L100000823301,way/1158716725
L100000823302,way/1158716725
L100000823303,way/1158716725
L100000823304,way/1158716725
L100000823305,way/1158716725
L100000823306,way/1158716725
L100000823307,way/1158716725
L100000823308,way/1158716725
L100000823309,way/1158716725
L100000823313,way/103386958
L100000823314,way/103386958
L100000823315,way/103386958
L100000823317,way/448777455-220
L100000823318,way/103386958
L100000823319,way/99694910-380
L100000823320,way/60616350-380
L100000823067,way/57384507-220
L100000823322,way/50589203-220
L100000823323,way/448777455-220
L100000823325,way/162960205-220
L100000823326,way/185576620-220
L100000823328,IT44-380
L100000823329,way/81931074-380
L100000823330,way/155158689-380
L100000823331,way/42206116-380
L100000823333,way/107683818-380
L100000823334,way/107683818-380
L100000823335,IT137-220
L100000823337,way/144006711-220
L100000823338,way/144006711-220
L100000823115,way/120916823-220
L100000823339,way/181125039-220
L100001003901,way/56984450-220
L100000823340,way/185576620-220
L100000823341,way/185576620-220
L100000823342,way/185576620-220
L100000823343,IT124-380
L100000823344,IT124-380
L100000823345,IT137-220
L100000823346,IT29-220
L100000823347,IT121-380
L100000823348,IT121-380
L100000823350,way/163058980-220
L100000823351,IT12-220
L100000823352,IT12-220
L100000823353,way/163058980-220
L100000823354,way/419423705-380
L100000823355,way/144378054-220
L100000823356,way/144378054-220
L100000823357,way/99694910-380
L100000823358,way/99694910-380
L100000823359,way/432871051-220
L100000823360,way/432871051-220
L100000823361,way/120916823-220
L100000823362,way/120916823-220
L100000823363,way/103386958
L100000823364,way/42206116-380
L100000823365,way/61626687-380
L100000823366,way/98901130-380
L100000823367,way/363469921-380
L100000823369,way/81938081-380
L100000823370,way/185576620-220
L100000823371,way/162960205-220
L100000823372,way/82651599-220
L100000823373,way/82651599-220
L100000823375,way/104321356-220
L100000823376,way/309371152-220
L100000823377,way/139442467-220
L100000823378,way/139442467-220
L100000823379,way/95840602-380
L100000823380,way/162960205-220
L100000823383,way/109997676-380
L100000823384,way/109997676-380
L100000823385,way/375922076-220
L100000823386,way/375922076-220
L100000823387,way/42862642-220
L100000823388,way/60888331-380
L100001003902,way/60919237-220
L100000822921,way/60888331-380
L100000823391,way/448777455-220
L100000823392,way/448777455-220
L100000823393,way/432871051-220
L100000823394,way/126203383-380
L100000823553,way/375908008-220
L100000823395,way/50589203-220
L100000823397,IT94-380
L100000823398,way/375922075-220
L100000823399,way/375922075-220
L100000823400,IT12-220
L100000823401,way/203225567
L100000823402,way/99694910-380
L100000823403,way/99694910-380
L100000823404,way/41892273-400
L100000823405,way/172705586-220
L100000823406,way/172705586-220
L100000823407,way/172705586-220
L100000823408,way/172705586-220
L100000823410,way/172705586-220
L100000823411,way/172705586-220
L100000823412,way/172705586-220
L100000823413,way/172705586-220
L100000823414,way/61038773-220
L100000823415,way/339706879-380
L100000823416,way/95840602-380
L100000823417,way/95840602-380
L100000823418,way/95840602-380
L100000823419,way/99694910-380
L100000823421,way/339706880-380
L100000823422,way/339706880-380
L100000823423,way/339706880-380
L100000823424,way/339706880-380
L100000823425,way/339706880-380
L100000823426,way/339706880-380
L100000823427,way/339706880-380
L100000823428,way/339706880-380
L100000823429,way/339706880-380
L100000823430,way/136457747-220
L100000823431,way/136457747-220
L100000823432,way/136457747-220
L100000823433,way/39255054-380
L100000823434,way/136457747-220
L100000823435,way/74943205-380
L100000823436,way/74943205-380
L100000823437,way/136457747-220
L100000823438,way/60235685-380
L100000823439,way/60235685-380
L100000823440,way/60235685-380
L100000823441,way/60235685-380
L100000823442,way/60616350-380
L100000823443,way/60616350-380
L100000823444,way/144378054-220
L100000823445,way/421827453-380
L100000823446,way/421827453-380
L100000823447,way/107681459-380
L100000823448,way/107681459-380
L100000823450,way/74677138-380
L100000823451,way/136457747-220
L100000823452,way/98901130-380
L100000823453,way/82651599-220
L100000823454,way/289178949-220
L100000823455,way/99694910-380
L100000823456,way/56984450-220
L100000823458,way/432871051-220
L100000823459,way/432871051-220
L100000823460,way/432871051-220
L100000823461,way/103386958
L100000823462,way/103386958
L100000823463,way/103386958
L100000823464,way/157666416-220
L100000823465,way/56984450-220
L100000823466,way/56984450-220
L100000823467,way/339706880-380
L100000823468,way/339706880-380
L100000823469,way/339706880-380
L100000823470,way/339706880-380
L100000823471,way/339706880-380
L100000823472,way/436352445-220
L100000823473,way/436352445-220
L100000823474,way/309371152-220
L100000823475,way/303965869-380
L100000823476,way/39255054-380
L100000823477,way/39255054-380
L100000823478,way/289178949-220
L100000823479,way/289178949-220
L100000823480,way/289178949-220
L100000823481,way/435433908-220
L100000823482,way/435433908-220
L100000823483,way/435433908-220
L100000823484,way/435433908-220
L100000823485,way/435433908-220
L100000823486,way/435433908-220
L100000823487,way/144006711-220
L100000823488,way/432871051-220
L100000823490,IT52-220
L100000823491,way/95840602-380
L100000823492,way/101346508-220
L100000823493,way/101346508-220
L100000823494,way/101346508-220
L100000822906,way/409768426-220
L100000823496,way/257351439-380
L100000823497,way/436352445-220
L100000823498,way/432871051-220
L100000823499,IT133-220
L100000823501,way/432871051-220
L100000823502,way/432871051-220
L100000823503,IT124-380
L100000823504,IT124-380
L100000823505,way/339706880-380
L100000823506,way/136457747-220
L100000823507,way/84277460-220
L100000823508,way/36873258-220
L100000823509,way/36873258-220
L100000823510,way/36873258-220
L100000823511,way/36873258-220
L100000823512,way/36873258-220
L100000823513,way/144006711-220
L100000823514,way/98901130-380
L100000823515,way/98901130-380
L100000823516,way/98901130-380
L100000823517,way/98901130-380
L100000823518,way/101346508-220
L100000823519,way/101346508-220
L100000823520,IT131-380
L100000823521,IT131-380
L100000823522,IT131-380
L100000823523,IT140-380
L100000823525,way/95840602-380
L100000823526,way/95840602-380
L100000823527,way/95840602-380
L100000823528,way/95840602-380
L100000823529,way/95840602-380
L100000823530,way/95840602-380
L100000823531,way/95840602-380
L100000823532,way/95840602-380
L100000823533,way/155976563-220
L100000823534,way/155976563-220
L100000823535,way/185576620-220
L100000823536,way/185576620-220
L100000823537,way/116518388-380
L100000823538,IT12-220
L100000823539,IT12-220
L100000823541,way/172705586-220
L100000823542,way/339706878-380
L100000823543,way/339706878-380
L100000823544,way/146791061-380
L100000822846,way/172302572-380
L100000823546,way/39255054-380
L100000823547,way/39255054-380
L100000823548,way/39255054-380
L100000823549,way/39255054-380
L100000823550,way/39255054-380
L100000823551,way/39255054-380
L100000823554,way/419423705-380
L100000823555,way/50589203-220
L100000823557,IT12-220
L100000823558,way/98901130-380
L100000823559,IT94-380
L100000823560,way/107681459-380
L100000823561,way/143585004-380
L100000823562,way/143585004-380
L100000823563,IT121-380
L100000823565,way/120916823-220
L100000823566,way/120916823-220
L100000823567,way/120916823-220
L100000823569,way/74943205-380
L100000823571,IT121-380
L100000823572,way/84277460-220
L100000823573,way/419423700-220
L100000823574,way/136457747-220
L100000823576,way/421827453-380
L100000823577,way/421827453-380
L100000823578,way/421827453-380
L100000823579,way/116518388-380
L100000823580,way/172705586-220
L100000823581,way/172705586-220
L100000823582,way/419423705-380
L100000823583,way/419423705-380
L100000823584,IT121-380
L100000823585,way/99694910-380
L100000823586,way/339706880-380
L100000823587,way/339706880-380
L100000823588,way/61157826-380
L100000823589,way/339706878-380
L100000823590,way/339706878-380
L100000823591,way/120916823-220
L100000823187,IT124-380
L100000823593,way/139442467-220
L100000823594,way/448777455-220
L100000823595,way/448777455-220
L100000823596,way/162960205-220
L100000823597,way/339706878-380
L100000823598,way/100113593-380
L100000823599,way/100113593-380
L100000823600,way/99694910-380
L100000823602,way/107681459-380
L100000823604,way/109993642-380
L100000823605,way/339706878-380
L100000823606,way/40634284-380
L100000823607,way/309371152-220
L100000823608,way/309371152-220
L100000823609,way/39255054-380
L100000823610,way/39255054-380
L100000823611,way/39255054-380
L100000823612,way/39255054-380
L100000823613,way/39255054-380
L100000823614,way/39255054-380
L100000823615,way/136457747-220
L100000823616,way/60616350-380
L100000823617,IT44-380
L100000823618,way/436352445-220
L100000823619,way/420698910-220
L100000823620,way/101346508-220
L100000823621,way/107681459-380
L100000823622,way/421827453-380
L100000823623,IT44-380
L100000823624,IT44-380
L100000823625,way/1158716725
L100000823626,way/1158716725
L100000823628,way/155976563-220
L100000823629,IT121-380
L100000823630,IT121-380
L100000823631,way/157666416-220
L100000823632,way/107683818-380
L100000823633,way/107683818-380
L100000823635,IT29-220
L100000823637,IT131-380
L100000823639,way/136457747-220
L100000823640,way/419423700-220
L100000823641,way/101346508-220
L100000823642,way/101346508-220
L100000823643,IT12-220
L100000823644,IT44-380
L100000823646,way/40634284-380
L100000823647,IT12-220
L100000823648,IT12-220
L100000823649,way/101346508-220
L100000823650,IT12-220
L100000823651,way/375922076-220
L100000823652,way/375922076-220
L100000823653,way/56984450-220
L100000823230,way/60913666-380
L100000823654,way/82651599-220
L100000823655,way/101346508-220
L100000823656,way/101346508-220
L100000823657,way/101346508-220
L100000823658,IT101-220
L100000823660,way/375922075-220
L100000823661,way/375922075-220
L100000823662,way/50589203-220
L100000823663,way/50589203-220
L100000823666,way/81938081-380
L100000823667,way/81938081-380
L100000823668,way/136457747-220
L100000823669,IT52-220
L100000823670,way/163058980-220
L100000823673,IT44-380
L100000823674,IT137-220
L100000823675,IT137-220
L100001003903,IT137-220
L100000823676,way/155976563-220
L100000823677,way/155976563-220
L100000824016,way/57380344-220
L100000823678,way/99694910-380
L100000823679,way/419423705-380
L100000823681,way/61712456-380
L100000823683,way/143585004-380
L100000823684,way/143585004-380
L100000823685,way/143585004-380
L100001003904,way/339706880-380
L100000823686,way/60235685-380
L100000823687,way/339706878-380
L100000823688,way/309371152-220
L100000823689,way/60616350-380
L100000823690,way/172705586-220
L100000823691,way/78066534-380
L100000823693,way/436352445-220
L100000823694,way/436352445-220
L100000823695,way/436352445-220
L100000823696,way/436352445-220
L100000823697,way/436352445-220
L100000823698,way/436352445-220
L100000823699,way/436352445-220
L100000823700,way/436352445-220
L100000823701,way/436352445-220
L100000823702,IT64-220
L100000823703,IT64-220
L100000823704,IT64-220
L100000823705,way/100113593-380
L100000823706,way/100113593-380
L100000823707,way/100113593-380
L100000823708,way/100113593-380
L100000823709,way/375922076-220
L100000823710,way/60235685-380
L100000823711,way/421827453-380
L100000823712,way/96658563-220
L100000823714,way/78066534-380
L100000823715,way/1158716725
L100000823716,way/1158716725
L100000823717,way/1158716725
L100000823718,way/1158716725
L100000823719,way/1158716725
L100000823720,way/1158716725
L100001003905,way/144005861-220
L100000823721,way/139442467-220
L100000823722,way/104321356-220
L100000823723,way/155158689-380
L100000823724,way/101346508-220
L100000823726,way/420698910-220
L100000823727,way/103386958
L100000823729,way/203225567
L100000823730,way/203225567
L100000823731,way/84277460-220
L100000823732,way/84277460-220
L100000823733,way/84277460-220
L100000823734,way/84277460-220
L100000823735,IT133-220
L100000823736,way/162960205-220
L100000823737,way/309371152-220
L100000823738,way/309371152-220
L100000823739,IT12-220
L100000823740,way/104321356-220
L100000823741,way/420698910-220
L100000823742,IT12-220
L100000823743,IT12-220
L100000823744,IT12-220
L100000823745,way/42206116-380
L100000823747,way/203225567
L100000823748,way/74943205-380
L100000823749,way/155158689-380
L100000823750,way/60235685-380
L100000823751,way/78066534-380
L100000823752,way/185576620-220
L100000823753,way/419423705-380
L100000823754,way/139442467-220
L100000823755,IT52-220
L100000823756,IT52-220
L100000823757,IT29-220
L100000823758,way/162960205-220
L100000823759,way/60616350-380
L100000823760,way/60616350-380
L100000823761,way/136457747-220
L100000823762,way/136457747-220
L100000823763,way/419423705-380
L100000823764,IT133-220
L100000823765,way/339706878-380
L100000823766,way/203225567
L100000823767,way/144378054-220
L100000823768,way/139442467-220
L100000823769,way/257351439-380
L100000823770,way/257351439-380
L100000823771,way/56984450-220
L100000823772,way/136457747-220
L100000823773,way/60616350-380
L100000823774,way/61626687-380
L100000823775,way/98901130-380
L100000823776,way/375922075-220
L100000823777,way/375922075-220
L100000823778,way/375922075-220
L100000823779,way/432871051-220
L100000823780,way/56984450-220
L100001003906,way/136457747-220
L100000823781,way/375908008-220
L100000823782,way/375908008-220
L100000823783,way/50589203-220
L100000823784,way/99694910-380
L100000823785,way/203225567
L100000823786,way/60913666-380
L100000823787,way/1158716725
L100000823788,way/421827453-380
L100000823789,way/420698910-220
L100000823791,IT131-380
L100000823792,IT131-380
L100000823793,way/36873258-220
L100000823794,IT134-380
L100000823796,way/416989699-380
L100000823797,way/56984450-220
L100000823798,way/56984450-220
L100000823799,way/172705586-220
L100000823800,way/84277460-220
L100000823801,way/159821869-220
L100000823802,way/448777455-220
L100000823804,way/203225567
L100000823805,way/101346508-220
L100000823806,way/420698910-220
L100000823808,way/420698910-220
L100000823953,way/303915533-220
L100000823809,way/419423705-380
L100000823810,way/419423705-380
L100000823811,way/419423705-380
L100000823812,way/419423705-380
L100000823813,IT29-220
L100000823814,way/140715391-380
L100000823815,way/118987056-220
L100000823816,way/448777455-220
L100000823817,way/448777455-220
L100000823818,way/309371152-220
L100000823819,way/309371152-220
L100000823820,way/1158716725
L100000823746,way/449694943-380
L100000823822,way/42862642-220
L100000823823,way/42862642-220
L100000823824,way/303965869-380
L100000823825,way/144006711-220
L100000823827,way/375922076-220
L100000823828,way/39255054-380
L100000823829,way/39255054-380
L100000823830,way/289178949-220
L100000823831,way/103386958
L100000823832,way/103386958
L100000823833,way/162960205-220
L100000823837,way/39255054-380
L100000823838,way/39255054-380
L100000823839,way/289178949-220
L100000823840,way/1158716725
L100000823841,IT29-220
L100000823842,IT29-220
L100000823843,IT29-220
L100000823844,IT29-220
L100000823845,way/116518388-380
L100000823846,way/116518388-380
L100000823847,way/126203383-380
L100001003907,way/420698910-220
L100000823848,way/120916823-220
L100000823849,way/103386958
L100000823850,way/104321356-220
L100000823851,way/98901130-380
L100000823852,way/309371152-220
L100000823853,way/435433908-220
L100000823855,way/84277460-220
L100000823856,way/103386958
L100000823857,way/100113593-380
L100000823859,way/185576620-220
L100000823860,way/185576620-220
L100000823861,way/339706880-380
L100000823862,way/109997676-380
L100000823863,IT131-380
L100000823864,way/95840602-380
L100000823866,way/61626687-380
L100000823867,way/61626687-380
L100000823868,way/42862642-220
L100000823870,way/157666416-220
L100000823871,way/157666416-220
L100000823872,way/157666416-220
L100000823873,way/1158716725
L100000823874,way/432871051-220
L100000823875,way/363469921-380
L100000823876,way/419423705-380
L100000823877,IT64-220
L100000823878,IT134-380
L100000823879,way/436352445-220
L100000823880,way/136457747-220
L100000823881,way/136457747-220
L100000823882,way/82651599-220
L100000823883,IT134-380
L100000823884,IT44-380
L100000823885,IT133-220
L100000823887,way/309371152-220
L100000823888,way/309371152-220
L100000823889,way/309371152-220
L100000823890,way/309371152-220
L100000823891,way/98901130-380
L100000823892,way/435433908-220
L100000823893,IT133-220
L100000823894,IT124-380
L100000823895,IT124-380
L100000823896,IT124-380
L100000823897,IT124-380
L100000823898,IT124-380
L100000823899,IT124-380
L100000823900,way/101346508-220
L100000823901,way/101346508-220
L100000823902,way/101346508-220
L100000823903,way/101346508-220
L100000823904,way/101346508-220
L100000823905,way/101346508-220
L100000823906,way/72570474-380
L100000823910,way/95840602-380
L100000823911,way/36873258-220
L100000823912,way/136457747-220
L100000823913,way/136457747-220
L100000823914,way/136457747-220
L100000823915,way/136457747-220
L100000823916,way/136457747-220
L100000823917,way/136457747-220
L100000823918,way/136457747-220
L100000823919,way/136457747-220
L100000823920,way/136457747-220
L100000823921,way/136457747-220
L100000823922,way/136457747-220
L100000823924,way/96658563-220
L100000823925,IT44-380
L100000823926,way/289178949-220
L100000823929,way/61038773-220
L100000823930,IT64-220
L100000823931,IT12-220
L100000823932,IT124-380
L100000823933,way/61157826-380
L100000823934,way/61157826-380
L100000823936,way/98901130-380
L100000823937,way/448777455-220
L100000823938,way/60235685-380
L100000823941,IT12-220
L100000823942,way/432871051-220
L100000823943,way/432871051-220
L100000823944,way/432871051-220
L100000823945,way/432871051-220
L100000823946,way/432871051-220
L100000823947,way/74943205-380
L100000823948,way/42206116-380
L100000823949,way/118987056-220
L100000823950,way/118987056-220
L100000823951,way/118987056-220
L100000823952,way/118987056-220
L100001003908,way/495354824-380
L100000823954,way/339706880-380
L100000823956,way/339706880-380
L100000823957,way/101346508-220
L100000823958,way/436352445-220
L100000823959,way/436352445-220
L100000823960,way/139442467-220
L100000823962,IT12-220
L100000823963,way/155976563-220
L100000823964,way/436352445-220
L100000823965,way/419423700-220
L100000823967,way/100407576-380
L100000823968,way/100407576-380
L100000823971,IT20-220
L100000823972,IT44-380
L100000823973,IT44-380
L100000823975,way/289178949-220
L100000823976,way/289178949-220
L100000823977,way/289178949-220
L100000823978,way/98901130-380
L100000823979,way/82651599-220
L100000823980,way/82651599-220
L100000823981,way/82651599-220
L100000823982,way/99694910-380
L100000823986,way/101346508-220
L100000823987,way/339706878-380
L100000823988,way/339706878-380
L100000823989,way/339706878-380
L100000823990,way/203225567
L100000823991,way/203225567
L100000823992,way/289178949-220
L100000823993,way/56984450-220
L100000823994,way/203225567
L100000823995,IT101-220
L100000823996,way/203225567
L100000823997,way/203225567
L100000823998,way/203225567
L100000823999,way/203225567
L100000824000,way/84277460-220
L100000824008,way/339706880-380
L100000824009,way/339706880-380
L100000824010,way/339706880-380
L100000824013,way/375922075-220
L100000824014,way/375922075-220
L100000824015,way/375922075-220
L100000824017,way/419423705-380
L100000824018,way/98901130-380
L100000824019,way/109993642-380
L100000824020,way/155976563-220
L100000824021,way/155976563-220
L100000824022,IT29-220
L100000824023,way/109993642-380
L100000700007,way/59219335-380
L100001042936,IT116-220
L100001042949,way/83805453-380
L100001042934,IT116-220
L100000700051,IT116-220
L100001042933,IT116-220
L100001042941,IT116-220
L100001042932,IT116-220
L100001042943,IT116-220
L100001042953,IT115-220
L100001042935,IT116-220
L100001042942,IT116-220
L100001042937,IT116-220
L100000700126,way/83805453-380
L100000700127,IT116-220
L100001042938,IT116-220
L100000700128,IT116-220
L100001042945,IT115-220
L100001042950,way/120916823-220
L100001042951,way/120916823-220
L100001042952,way/120916823-220
L100001042946,way/83805453-380
L100001042947,IT115-220
L100001042939,IT116-220
L100001042940,IT116-220
L100001042944,IT115-220
L100000700180,IT116-220
L100000700186,way/416989699-380
L100001025686,way/76709660-380
L100001046219,way/61650514-220
L100000602191,way/159158469-220
L100001025698,IT102-380
L100001023100,IT14-220
L100000602192,way/102675884-220
L100000602193,way/114931087-380
L100000602194,way/157666416-220
L100001046215,way/412967421-220
L100000602195,relation/7837848-220
L100001025709,IT14-220
L100000602196,way/105801489-220
L100001046217,way/108020416-220
L100001025729,way/111020792-220
L100001023101,IT5-220
L100001025732,way/1100665914-380
L100000602197,way/419423700-220
L100000602198,way/105801489-220
L100001025710,way/163056522-220
L100001025712,way/419423700-220
L100000602199,way/153548074-220
L100000602200,way/108020416-220
L100001046216,way/72466334-380
L100001023102,IT4-380
L100000602201,way/82793962-220
L100001025721,way/61712456-380
L100001025722,way/103418587-220
L100001025723,IT16-220
L100000602202,way/64200868-380
L100000602203,way/104359058-380
L100000602204,way/104359058-380
L100000602205,way/155976582-220
L100000602206,way/61712456-380
L100001046228,way/202772821-220
L100000602207,way/189137043-220
L100000602208,way/80442466-220
L100000602209,way/172705586-220
L100000602210,way/116517585-380
L100001025689,way/144378054-220
L100000602211,way/42862642-220
L100000602212,way/163056526-220
L100001046230,way/153772895-220
L100001025730,way/377832777-220
L100000602213,IT4-380
L100001025728,IT8-220
L100001025724,way/61712456-220
L100001025733,way/103007085-220
L100000602214,way/158652469-220
L100000602215,IT137-220
L100001025699,IT137-220
L100000602216,way/59620552-220
L100001025683,way/155976582-220
L100001025687,way/155976582-220
L100001046222,way/155976582-220
L100000602217,way/1100665914-380
L100001025701,IT135-220
L100000604317,way/257351439-380
L100001025726,way/104114052-220
L100000602218,IT79-380
L100001025734,IT47-220
L100001046220,way/105801489-220
L100000602219,way/412967424-220
L100000602220,way/419423704-380
L100000602221,way/376351180-220
L100000602222,relation/1377432-220
L100000602223,IT13-380
L100000602224,way/66872608-220
L100001046226,way/66872608-220
L100001046229,relation/6301099-220
L100000602225,way/72466334-220
L100000602226,way/155976582-220
L100000602227,way/96190189-380
L100001046221,way/60616350-380
L100000602228,way/147466201-220
L100000602229,way/98787157-220
L100000602230,way/61650514-220
L100000602231,way/163056522-220
L100001025727,way/64200868-380
L100000602232,way/159821869-220
L100000602233,way/105827045-220
L100001025731,way/377832777-220
L100000602234,way/151335166-220
L100000602235,way/409768426-220
L100000602236,way/1100665914-380
L100000602237,relation/1377432-220
L100001023104,way/158599954-220
L100001046227,way/214294769-220
L100000602238,way/103127417-220
L100000602239,way/491424937-380
L100000602240,way/163789376-220
L100001025681,way/103418587-220
L100001023105,way/60616350-380
L100001025679,way/104359058-380
L100001023103,IT14-220
