GEM location ID,bus_id
L100000406853,relation/12832053
L100000407847,FI1-220
L100000602883,NO90-420
L100000602884,FI1-220
L100000602885,relation/11981383
L100000602886,NO55-300
L100000602887,NO55-300
L100000602888,NO27-420
L100000602889,NO55-300
L100000602890,NO55-300
L100000602891,NO55-300
L100000602892,NO90-420
L100000602893,relation/12832053
L100000602894,relation/12832053
L100000602895,relation/12832053
L100000602896,way/60495669-420
L100000602897,NO26-400
L100000602898,NO27-420
L100000602899,relation/8890887
L100000602900,relation/12832053
L100000602901,NO27-420
L100000602902,relation/12832053
L100000602903,NO55-300
L100000602904,relation/12832053
L100000602905,relation/7928148
L100000602906,relation/8890887
L100000602907,NO55-300
L100000602908,NO55-300
L100000602909,NO27-420
L100000602910,NO27-420
L100000602911,NO5-400
L100000602912,NO27-420
L100000602913,NO90-420
L100000602914,NO55-300
L100000602915,NO90-420
L100000602916,NO55-300
L100000602917,relation/12832053
L100000602918,relation/12832053
L100000602919,NO55-300
L100000602920,way/60495669-420
L100000602921,relation/12832053
L100000602922,NO5-400
L100000602923,NO55-300
L100000602924,NO90-420
L100000602925,NO55-300
L100000602926,NO15-420
L100000602927,way/254428135-420
L100000602928,relation/12832053
L100000602929,relation/8890887
L100000602930,way/60495669-420
L100000602931,NO55-300
L100000602932,relation/8473044-220
L100000602933,NO55-300
L100000602934,NO15-420
L100000602935,relation/8890887
L100000602936,relation/8890887
L100000602937,NO90-420
L100000602938,relation/12832053
L100000602939,relation/12832053
L100000602940,relation/12832053
L100000602941,NO26-400
L100000602942,relation/12832053
L100000602943,NO55-300
L100000602944,NO26-400
L100000602945,NO27-420
L100000602946,relation/8473044-220
L100000602947,NO27-420
L100000602948,NO90-420
L100000602949,NO90-420
L100000602950,NO90-420
L100000602951,relation/12832053
L100000602952,way/60495669-420
L100000602953,relation/8473044-220
L100000602954,NO27-420
L100000602955,NO55-300
L100000602956,relation/8473044-220
L100000602957,way/60495669-420
L100000602958,NO55-300
L100000602959,NO26-400
L100000602960,NO26-400
L100000602961,relation/12832053
L100000602962,NO27-420
L100000602963,NO90-420
L100000602964,way/60495669-420
L100000602965,relation/12832053
L100000602966,NO15-420
L100000602967,relation/7928148
L100000602968,NO5-400
L100000602969,NO90-420
L100000602970,way/60495669-420
L100000602971,way/60495669-420
L100000602972,relation/8890887
L100000602973,relation/12832053
L100000602974,relation/12832053
L100000602975,relation/7928148
L100000602976,NO55-300
L100000602977,NO5-400
L100000602978,relation/12832053
L100000602979,relation/12832053
L100000602980,NO90-420
L100000602981,relation/8473044-220
L100000602982,relation/8473044-220
L100000602983,NO55-300
L100000602984,NO90-420
L100000602985,NO55-300
L100000602986,NO55-300
L100000602987,NO55-300
L100000602988,relation/8890887
L100000602989,relation/8890887
L100000602990,relation/7928148
L100000602991,relation/8890887
L100000602992,way/60495669-420
L100000602993,NO27-420
L100000602994,way/254428135-420
L100000602995,NO55-300
L100000602996,relation/12832053
L100000602997,NO55-300
L100000602998,NO90-420
L100000602999,way/60495669-420
L100000603000,relation/12832053
L100000604282,relation/12832053
L100000907929,relation/12832053
L100000907952,relation/12832053
L100000908015,relation/12832053
L100000908123,relation/12832053
L100000908179,relation/8890887
L100000908203,relation/8890887
L100000909056,relation/7928148
L100000909314,way/254428135-420
L100000909634,way/254428135-420
L100000909896,relation/8890887
L100000910237,relation/12832053
L100000911324,NO55-300
L100000911915,NO55-300
L100000912659,NO5-400
L100000912678,relation/8890887
L100000912941,relation/8890887
L100000913327,relation/11981383
L100000913374,relation/8890887
L100000913697,NO55-300
L100000914066,FI1-220
L100000914130,FI1-220
L100000914157,way/254428135-420
L100000914232,relation/12832053
L100000914260,NO27-420
L100000914561,FI1-220
L100000914647,relation/12832053
L100000914845,NO5-400
L100000914945,NO55-300
L100000915014,way/60495669-420
L100000915103,relation/12832053
L100000915126,FI1-220
L100000915154,NO5-400
L100000915162,way/60495669-420
L100000915186,NO27-420
L100000915187,way/254428135-420
L100000915208,way/60495669-420
L100000915232,way/254428135-420
L100000915274,relation/8890887
L100000915276,NO27-420
L100000915322,relation/8890887
L100000915434,relation/11981383
L100000915496,relation/12832053
L100000915499,relation/8890887
L100000915528,relation/8890887
L100000915568,NO5-400
L100000915593,relation/12832053
L100000915598,NO26-400
L100000915651,relation/8890887
L100000915681,NO5-400
L100000915759,relation/8890887
L100000915760,way/60495669-420
L100000915761,way/254428135-420
L100000915774,way/254428135-420
L100000915818,way/254428135-420
L100000915837,way/254428135-420
L100000915903,relation/8890887
L100000915920,relation/11981383
L100000915961,NO27-420
L100000915971,NO55-300
L100000915972,NO5-400
L100000915998,relation/8890887
L100000916052,way/254428135-420
L100000916079,way/254428135-420
L100000916085,relation/8890887
L100000916167,relation/7928148
L100000916172,relation/8473044-220
L100000916271,FI1-220
L100000916327,relation/11981383
L100000916341,relation/12832053
L100000920566,NO55-300
L100000920567,relation/11981383
L100000920569,relation/12832053
L100000920570,relation/12832053
L100000920571,relation/12832053
L100001001202,relation/7928148
L100001001205,FI1-220
L100001007656,NO26-400
L100001009063,NO26-400
L100001022791,NO55-300
L100001022792,NO55-300
L100001022793,way/254428135-420
L100001023143,FI1-220
L100001023144,relation/7928148
L100001023145,way/254428135-420
L100001023146,way/60495669-420
L100001023147,NO15-420
L100001023148,NO90-420
L100001023149,way/254428135-420
L100001023150,NO90-420
L100001023151,relation/7928148
L100001023152,relation/8890887
L100001023153,NO55-300
L100001023154,NO55-300
L100001023155,relation/8890887
L100001023156,NO55-300
L100001023157,relation/7928148
L100001023158,relation/7928148
L100001023159,relation/12832053
L100001023160,FI1-220
L100001023161,relation/12832053
L100001023162,relation/12832053
L100001023163,NO5-400
L100001023164,relation/7928148
L100001023165,NO55-300
L100001023166,NO55-300
L100001023167,way/254428135-420
L100001023168,NO90-420
L100001023169,way/254428135-420
L100001023170,NO26-400
L100001023171,relation/7928148
L100001023172,relation/12832053
L100001023173,NO55-300
L100001023174,way/254428135-420
L100001023175,relation/8890887
L100001023176,relation/7928148
L100001023177,relation/8473044-220
L100001023178,FI1-220
L100001023179,relation/12832053
L100001023180,NO27-420
L100001023181,NO26-400
L100001023182,NO90-420
L100001023183,NO55-300
L100001023184,relation/12832053
L100001023185,NO26-400
L100001023186,NO55-300
L100001025610,NO55-300
L100001025766,relation/12832053
L100001046188,relation/7928148
L100001046189,NO90-420
L100001046190,relation/8473044-220
L100001046191,NO55-300
L100001046192,NO55-300
L100001046193,NO90-420
L100001046194,NO55-300
L100001046195,NO55-300
L100001046197,NO26-400
L100001046199,NO5-400
L100001046200,NO15-420
L100001046203,relation/12832053
L100001046205,NO5-400
L100001046206,NO26-400
L100001048152,way/60495669-420
