bus_id,grid_cell
way/636630368,GBR_140
way/109189896,GBR_171
way/109189896,GBR_180
way/636630368,GBR_157
way/109189896,GBR_171
way/636630368,GBR_142
way/375626500,GBR_108
way/375626500,GBR_108
way/536905500,GBR_108
way/109189896,GBR_171
way/636630368,GBR_159
way/109189896,GBR_170
way/109189896,GBR_170
way/636630368,GBR_140
way/636630368,GBR_140
way/1078532568,GBR_172
way/1078532568,GBR_164
way/25422135-400,GBR_172
way/636630368,GBR_82
way/636630368,GBR_81
way/636630368,wof-GBR_236
way/23281217,GBR_178
way/109189896,GBR_180
way/109189896,GBR_171
way/375626500,GBR_126
way/25422135-400,GBR_188
way/109189896,GBR_171
way/636630368,GBR_141
way/1078532568,GBR_164
way/636630368,GBR_102
way/1274396508-400,GBR_63
way/1274396508-400,wof-GBR_213
way/1078532568,GBR_173
way/636630368,GBR_159
way/1274396508-400,GBR_104
way/642490160,GBR_149
way/642490160,wof-GBR_327
way/636630368,GBR_103
way/375626500,GBR_144
way/109189896,GBR_171
way/636630368,GBR_102
way/636630368,wof-GBR_282
way/1262971878,GBR_77
way/1262971878,wof-GBR_226
way/1078532568,GBR_145
way/109189896,GBR_172
way/297840585,GBR_74
way/1078532568,GBR_145
way/375626500,GBR_127
way/775577829,GBR_185
way/1078532568,GBR_160
way/636630368,GBR_158
way/1078532568,GBR_172
way/1274396508-400,GBR_70
way/1274396508-400,wof-GBR_220
way/1078532568,GBR_160
way/1274396508-400,GBR_69
way/1274396508-400,GBR_69
way/636630368,GBR_122
way/642490160,GBR_164
way/1078532568,GBR_144
way/375626500,GBR_146
way/1078532568,GBR_147
way/1078532568,GBR_146
way/1078532568,GBR_162
way/109189896,GBR_179
way/109189896,GBR_179
way/297840585,GBR_55
way/636630368,GBR_170
way/642490160,GBR_149
way/636630368,GBR_160
way/375626500,GBR_128
way/375626500,GBR_126
way/636630368,GBR_125
way/375626500,GBR_105
way/375626500,GBR_128
way/109189896,GBR_171
way/109189896,GBR_180
way/1274396508-400,GBR_108
way/636630368,GBR_124
way/1274396508-400,GBR_107
way/1274396508-400,GBR_84
way/1274396508-400,GBR_84
way/375626500,GBR_105
way/375626500,GBR_125
way/568527671,GBR_113
way/568527671,wof-GBR_268
way/375626500,GBR_128
way/642490160,GBR_134
way/642490160,wof-GBR_286
way/1274396508-400,GBR_69
way/1274396508-400,wof-GBR_219
way/1274396508-400,GBR_65
way/1274396508-400,wof-GBR_214
way/297840585,GBR_73
way/109189896,GBR_180
way/1078532568,GBR_146
way/642490160,GBR_133
way/642490160,wof-GBR_286
way/109189896,GBR_171
way/109189896,GBR_171
way/109189896,GBR_180
way/636630368,GBR_123
way/109189896,GBR_180
way/642490160,GBR_148
way/642490160,wof-GBR_327
way/642490160,GBR_134
way/642490160,wof-GBR_286
way/636630368,GBR_142
way/636630368,GBR_103
way/375626500,GBR_106
way/642490160,GBR_148
way/642490160,wof-GBR_327
way/375626500,GBR_126
way/375626500,GBR_129
way/1274396508-400,GBR_69
way/297840585,GBR_73
way/1078532568,GBR_163
way/1078532568,GBR_146
way/1078532568,GBR_175
way/1078532568,GBR_164
way/375626500,GBR_128
way/568527671,GBR_117
way/568527671,wof-GBR_270
way/375626500,GBR_126
way/1078532568,GBR_174
way/1078532568,GBR_147
way/642490160,GBR_149
way/642490160,wof-GBR_328
way/1078532568,GBR_175
way/642490160,GBR_148
way/642490160,wof-GBR_327
way/109189896,GBR_171
way/1078532568,GBR_175
way/642490160,GBR_113
way/642490160,wof-GBR_286
way/642490160,GBR_113
way/642490160,wof-GBR_286
way/636630368,GBR_142
way/23281217,GBR_178
way/23281217,GBR_179
way/25422135-400,GBR_187
way/1274396508-400,GBR_88
way/297840585,GBR_92
way/636630368,GBR_103
way/636630368,GBR_104
way/297840585,GBR_55
way/297840585,wof-GBR_200
way/568527671,GBR_114
way/568527671,wof-GBR_268
way/536905500,GBR_109
way/642490160,GBR_150
way/1078532568,GBR_175
way/1078532568,GBR_147
way/1078532568,GBR_163
way/1078532568,GBR_163
way/109189896,GBR_171
way/375626500,GBR_108
way/1078532568,GBR_174
way/109189896,GBR_171
way/1078532568,GBR_162
way/109189896,GBR_171
way/109189896,GBR_171
way/1274396508-400,GBR_84
way/536905500,GBR_109
way/1078532568,GBR_173
way/25422135-400,GBR_182
way/109189896,GBR_179
way/297840585,GBR_92
way/636630368,GBR_63
way/636630368,wof-GBR_236
way/636630368,GBR_140
way/297840585,GBR_76
way/25422135-400,GBR_187
relation/10695345,GBR_185
relation/10695345,wof-GBR_432
way/775577829,GBR_185
way/568527671,GBR_137
way/568527671,wof-GBR_290
way/568527671,GBR_117
way/1078532568,GBR_174
way/109189896,GBR_180
way/636630368,GBR_103
way/1078532568,GBR_174
way/636630368,GBR_103
way/375626500,GBR_146
way/109189896,GBR_171
way/260836695,GBR_48
way/260836695,wof-GBR_191
way/568527671,GBR_117
way/568527671,wof-GBR_270
way/568527671,GBR_137
way/568527671,wof-GBR_311
way/568527671,GBR_136
way/297840585,GBR_58
way/297840585,GBR_73
way/23281217,GBR_179
way/297840585,GBR_73
way/642490160,GBR_149
way/642490160,wof-GBR_327
way/109189896,GBR_171
way/636630368,GBR_123
way/25422135-400,GBR_188
way/375626500,GBR_129
way/1078532568,GBR_160
way/109189896,GBR_180
way/1274396508-400,GBR_66
way/636630368,GBR_158
way/1078532568,GBR_163
way/375626500,GBR_106
way/375626500,GBR_128
way/297840585,GBR_73
way/375626500,GBR_109
way/636630368,GBR_140
way/1274396508-400,GBR_45
way/1274396508-400,wof-GBR_188
way/375626500,GBR_128
way/642490160,GBR_112
way/375626500,GBR_110
way/642490160,GBR_149
way/1078532568,GBR_145
way/642490160,GBR_111
way/109189896,GBR_171
way/636630368,GBR_140
way/109189896,GBR_171
way/1078532568,GBR_163
way/1078532568,GBR_175
way/375626500,GBR_129
way/568527671,GBR_113
way/568527671,wof-GBR_268
way/636630368,GBR_171
way/23281217,GBR_178
way/375626500,GBR_104
way/1078532568,GBR_129
way/568527671,GBR_113
way/568527671,wof-GBR_268
way/375626500,GBR_146
way/375626500,GBR_146
way/1078532568,GBR_163
way/1078532568,GBR_145
way/375626500,GBR_107
way/1274396508-400,GBR_84
way/636630368,GBR_103
way/636630368,GBR_104
way/375626500,GBR_109
way/1078532568,GBR_69
way/1078532568,wof-GBR_219
way/1078532568,GBR_175
way/1078532568,GBR_146
way/1078532568,GBR_163
way/375626500,GBR_126
way/375626500,GBR_174
way/375626500,GBR_145
way/109189896,GBR_180
way/25422135-400,GBR_181
way/536905500,GBR_109
way/642490160,GBR_131
way/375626500,GBR_144
way/375626500,GBR_126
way/109189896,GBR_170
way/109189896,GBR_180
way/636630368,GBR_103
way/636630368,GBR_123
way/1078532568,GBR_69
way/1078532568,wof-GBR_219
way/109189896,GBR_171
way/636630368,GBR_142
way/109189896,GBR_142
way/297840585,GBR_55
way/1274396508-400,GBR_108
way/297840585,GBR_59
way/297840585,GBR_75
way/297840585,GBR_94
way/297840585,GBR_74
way/297840585,GBR_75
way/536905500,GBR_109
way/642490160,GBR_134
way/642490160,wof-GBR_286
way/636630368,GBR_103
way/109189896,GBR_170
way/1078532568,GBR_69
way/1078532568,wof-GBR_219
way/636630368,GBR_140
way/297840585,GBR_74
way/642490160,GBR_149
way/642490160,wof-GBR_328
way/109189896,GBR_180
way/137050527,GBR_35
way/137050527,wof-GBR_172
way/148382435,GBR_54
way/148382435,wof-GBR_198
way/297840585,GBR_55
way/297840585,wof-GBR_200
way/375626500,GBR_108
way/642490160,GBR_150
way/1078532568,GBR_174
relation/10695345,GBR_185
relation/10695345,wof-GBR_432
way/137050527,GBR_0
way/137050527,GBR_2
way/137050527,GBR_3
way/137050527,GBR_4
way/297840585,GBR_6
way/297840585,GBR_7
way/137050527,GBR_9
way/137050527,GBR_10
way/137050527,GBR_11
way/137050527,GBR_12
way/137050527,GBR_13
way/297840585,GBR_14
way/297840585,GBR_15
way/297840585,GBR_16
way/297840585,GBR_17
way/137050527,GBR_18
way/137050527,GBR_19
way/137050527,GBR_20
way/137050527,GBR_21
way/137050527,GBR_22
way/137050527,GBR_23
way/297840585,GBR_24
way/297840585,GBR_25
way/297840585,GBR_26
way/297840585,GBR_27
way/297840585,GBR_28
way/1274396508-400,GBR_30
way/260836695,GBR_31
way/260836695,GBR_32
way/137050527,GBR_33
way/137050527,GBR_34
way/137050527,GBR_36
way/297840585,GBR_37
way/297840585,GBR_38
way/297840585,GBR_39
way/297840585,GBR_40
way/297840585,GBR_41
way/297840585,GBR_42
way/297840585,GBR_43
way/1274396508-400,GBR_46
way/260836695,GBR_49
way/1274396508-400,GBR_51
way/1274396508-400,GBR_52
way/148382435,GBR_53
way/297840585,GBR_56
way/297840585,GBR_57
way/297840585,GBR_60
way/1262971878,GBR_61
way/1274396508-400,GBR_64
way/1274396508-400,GBR_67
way/1274396508-400,GBR_68
way/148382435,GBR_71
way/297840585,GBR_72
way/1262971878,GBR_78
way/1262971878,GBR_79
way/636630368,GBR_83
way/1274396508-400,GBR_85
way/1274396508-400,GBR_86
way/1274396508-400,GBR_87
way/536905500,GBR_89
way/536905500,GBR_90
way/297840585,GBR_91
way/297840585,GBR_93
way/297840585,GBR_95
way/297840585,GBR_96
way/568527671,GBR_97
way/568527671,GBR_98
way/568527671,GBR_99
way/568527671,GBR_100
way/568527671,GBR_101
way/568527671,GBR_115
way/568527671,GBR_116
way/568527671,GBR_118
way/568527671,GBR_119
way/568527671,GBR_120
way/375626500,GBR_130
way/642490160,GBR_132
way/568527671,GBR_135
way/568527671,GBR_138
way/636630368,GBR_143
way/642490160,GBR_151
way/568527671,GBR_154
way/568527671,GBR_155
way/1078532568,GBR_161
way/1078532568,GBR_165
way/642490160,GBR_166
way/636630368,GBR_169
way/1078532568,GBR_176
way/1078532568,GBR_177
way/25422135-400,GBR_183
relation/10695345,GBR_186
way/25422135-400,GBR_189
way/137050527,wof-GBR_0
way/137050527,wof-GBR_1
way/137050527,wof-GBR_2
way/137050527,wof-GBR_3
way/137050527,wof-GBR_4
way/137050527,wof-GBR_5
way/137050527,wof-GBR_6
way/137050527,wof-GBR_7
way/137050527,wof-GBR_8
way/137050527,wof-GBR_9
way/137050527,wof-GBR_10
way/137050527,wof-GBR_11
way/137050527,wof-GBR_12
way/297840585,wof-GBR_13
way/137050527,wof-GBR_15
way/137050527,wof-GBR_16
way/137050527,wof-GBR_17
way/137050527,wof-GBR_18
way/137050527,wof-GBR_44
way/137050527,wof-GBR_45
way/137050527,wof-GBR_53
way/137050527,wof-GBR_55
way/137050527,wof-GBR_56
way/297840585,wof-GBR_59
way/297840585,wof-GBR_60
way/137050527,wof-GBR_67
way/137050527,wof-GBR_68
way/297840585,wof-GBR_69
way/297840585,wof-GBR_70
way/297840585,wof-GBR_71
way/297840585,wof-GBR_72
way/1274396508-400,wof-GBR_75
way/1274396508-400,wof-GBR_76
way/1274396508-400,wof-GBR_77
way/137050527,wof-GBR_78
way/137050527,wof-GBR_79
way/137050527,wof-GBR_80
way/297840585,wof-GBR_81
way/297840585,wof-GBR_82
way/297840585,wof-GBR_83
way/297840585,wof-GBR_86
way/1274396508-400,wof-GBR_87
way/1274396508-400,wof-GBR_88
way/1274396508-400,wof-GBR_89
way/1274396508-400,wof-GBR_90
way/1274396508-400,wof-GBR_91
way/1274396508-400,wof-GBR_92
way/137050527,wof-GBR_93
way/137050527,wof-GBR_94
way/137050527,wof-GBR_95
way/137050527,wof-GBR_96
way/297840585,wof-GBR_97
way/297840585,wof-GBR_98
way/297840585,wof-GBR_99
way/297840585,wof-GBR_101
way/297840585,wof-GBR_102
way/1274396508-400,wof-GBR_103
way/1274396508-400,wof-GBR_104
way/1274396508-400,wof-GBR_105
way/1274396508-400,wof-GBR_106
way/1274396508-400,wof-GBR_107
way/137050527,wof-GBR_108
way/137050527,wof-GBR_109
way/137050527,wof-GBR_110
way/297840585,wof-GBR_111
way/297840585,wof-GBR_112
way/297840585,wof-GBR_113
way/297840585,wof-GBR_114
way/297840585,wof-GBR_115
way/297840585,wof-GBR_116
way/297840585,wof-GBR_117
way/1274396508-400,wof-GBR_118
way/1274396508-400,wof-GBR_119
way/1274396508-400,wof-GBR_120
way/1274396508-400,wof-GBR_121
way/1274396508-400,wof-GBR_122
way/260836695,wof-GBR_123
way/260836695,wof-GBR_124
way/137050527,wof-GBR_126
way/137050527,wof-GBR_127
way/137050527,wof-GBR_128
way/137050527,wof-GBR_129
way/297840585,wof-GBR_130
way/297840585,wof-GBR_131
way/297840585,wof-GBR_132
way/297840585,wof-GBR_133
way/297840585,wof-GBR_134
way/297840585,wof-GBR_135
way/297840585,wof-GBR_136
way/297840585,wof-GBR_137
way/1274396508-400,wof-GBR_138
way/1274396508-400,wof-GBR_139
way/1274396508-400,wof-GBR_140
way/1274396508-400,wof-GBR_141
way/1274396508-400,wof-GBR_142
way/260836695,wof-GBR_143
way/260836695,wof-GBR_144
way/260836695,wof-GBR_145
way/137050527,wof-GBR_148
way/137050527,wof-GBR_149
way/137050527,wof-GBR_150
way/297840585,wof-GBR_151
way/297840585,wof-GBR_152
way/297840585,wof-GBR_153
way/297840585,wof-GBR_154
way/297840585,wof-GBR_155
way/297840585,wof-GBR_156
way/297840585,wof-GBR_157
way/297840585,wof-GBR_158
way/297840585,wof-GBR_159
way/1274396508-400,wof-GBR_160
way/1274396508-400,wof-GBR_161
way/1274396508-400,wof-GBR_162
way/1274396508-400,wof-GBR_163
way/1274396508-400,wof-GBR_164
way/260836695,wof-GBR_165
way/260836695,wof-GBR_166
way/260836695,wof-GBR_167
way/260836695,wof-GBR_168
way/137050527,wof-GBR_169
way/137050527,wof-GBR_170
way/137050527,wof-GBR_171
way/137050527,wof-GBR_173
way/297840585,wof-GBR_174
way/297840585,wof-GBR_175
way/297840585,wof-GBR_176
way/297840585,wof-GBR_177
way/297840585,wof-GBR_178
way/297840585,wof-GBR_179
way/297840585,wof-GBR_180
way/297840585,wof-GBR_181
way/297840585,wof-GBR_182
way/1262971878,wof-GBR_183
way/1262971878,wof-GBR_184
way/1274396508-400,wof-GBR_185
way/1274396508-400,wof-GBR_186
way/1274396508-400,wof-GBR_187
way/1274396508-400,wof-GBR_189
way/260836695,wof-GBR_190
way/260836695,wof-GBR_192
way/1274396508-400,wof-GBR_193
way/1274396508-400,wof-GBR_194
way/1274396508-400,wof-GBR_195
way/1274396508-400,wof-GBR_196
way/148382435,wof-GBR_197
way/297840585,wof-GBR_199
way/297840585,wof-GBR_201
way/297840585,wof-GBR_202
way/297840585,wof-GBR_203
way/297840585,wof-GBR_204
way/1262971878,wof-GBR_205
way/1262971878,wof-GBR_206
way/1262971878,wof-GBR_207
way/1262971878,wof-GBR_208
way/1262971878,wof-GBR_209
way/636630368,wof-GBR_210
way/1274396508-400,wof-GBR_211
way/1274396508-400,wof-GBR_212
way/1274396508-400,wof-GBR_215
way/1274396508-400,wof-GBR_221
way/148382435,wof-GBR_222
way/1262971878,wof-GBR_228
way/1262971878,wof-GBR_229
way/1262971878,wof-GBR_230
way/1262971878,wof-GBR_231
way/1262971878,wof-GBR_232
way/1262971878,wof-GBR_233
way/636630368,wof-GBR_234
way/636630368,wof-GBR_235
way/1274396508-400,wof-GBR_238
way/536905500,wof-GBR_244
way/297840585,wof-GBR_245
way/1262971878,wof-GBR_248
way/1262971878,wof-GBR_249
way/568527671,wof-GBR_250
way/568527671,wof-GBR_251
way/568527671,wof-GBR_252
way/568527671,wof-GBR_253
way/568527671,wof-GBR_254
way/568527671,wof-GBR_255
way/568527671,wof-GBR_257
way/636630368,wof-GBR_258
way/636630368,wof-GBR_259
way/636630368,wof-GBR_260
way/568527671,wof-GBR_269
way/568527671,wof-GBR_271
way/568527671,wof-GBR_272
way/568527671,wof-GBR_273
way/568527671,wof-GBR_274
way/568527671,wof-GBR_275
way/568527671,wof-GBR_276
way/568527671,wof-GBR_277
way/568527671,wof-GBR_278
way/568527671,wof-GBR_280
way/636630368,wof-GBR_281
way/642490160,wof-GBR_287
way/568527671,wof-GBR_288
way/568527671,wof-GBR_291
way/568527671,wof-GBR_292
way/568527671,wof-GBR_293
way/568527671,wof-GBR_294
way/568527671,wof-GBR_295
way/568527671,wof-GBR_296
way/568527671,wof-GBR_297
way/568527671,wof-GBR_298
way/568527671,wof-GBR_300
way/568527671,wof-GBR_301
way/636630368,wof-GBR_302
way/636630368,wof-GBR_303
way/642490160,wof-GBR_306
way/642490160,wof-GBR_307
way/642490160,wof-GBR_308
way/568527671,wof-GBR_309
way/568527671,wof-GBR_310
way/568527671,wof-GBR_312
way/568527671,wof-GBR_313
way/568527671,wof-GBR_314
way/568527671,wof-GBR_315
way/568527671,wof-GBR_316
way/568527671,wof-GBR_317
way/568527671,wof-GBR_318
way/568527671,wof-GBR_319
way/568527671,wof-GBR_320
way/636630368,wof-GBR_324
way/636630368,wof-GBR_325
way/642490160,wof-GBR_329
way/642490160,wof-GBR_330
way/642490160,wof-GBR_331
way/568527671,wof-GBR_332
way/568527671,wof-GBR_333
way/568527671,wof-GBR_334
way/568527671,wof-GBR_335
way/568527671,wof-GBR_336
way/568527671,wof-GBR_337
way/568527671,wof-GBR_338
way/568527671,wof-GBR_339
way/568527671,wof-GBR_340
way/568527671,wof-GBR_341
way/568527671,wof-GBR_342
way/568527671,wof-GBR_343
way/568527671,wof-GBR_344
way/636630368,wof-GBR_348
way/636630368,wof-GBR_349
way/1078532568,wof-GBR_352
way/642490160,wof-GBR_353
way/642490160,wof-GBR_354
way/642490160,wof-GBR_355
way/642490160,wof-GBR_356
way/642490160,wof-GBR_357
way/568527671,wof-GBR_358
way/568527671,wof-GBR_359
way/568527671,wof-GBR_360
way/568527671,wof-GBR_361
way/568527671,wof-GBR_362
way/568527671,wof-GBR_363
way/568527671,wof-GBR_364
way/568527671,wof-GBR_365
way/568527671,wof-GBR_366
way/568527671,wof-GBR_367
way/568527671,wof-GBR_368
way/568527671,wof-GBR_369
way/568527671,wof-GBR_370
way/23281217,wof-GBR_374
way/23281217,wof-GBR_375
way/1078532568,wof-GBR_381
way/1078532568,wof-GBR_382
way/1078532568,wof-GBR_383
way/642490160,wof-GBR_384
way/642490160,wof-GBR_385
way/642490160,wof-GBR_386
way/568527671,wof-GBR_387
way/568527671,wof-GBR_388
way/568527671,wof-GBR_389
way/568527671,wof-GBR_390
way/568527671,wof-GBR_391
way/568527671,wof-GBR_392
way/568527671,wof-GBR_393
way/568527671,wof-GBR_394
way/568527671,wof-GBR_395
way/568527671,wof-GBR_396
way/568527671,wof-GBR_397
way/568527671,wof-GBR_398
way/568527671,wof-GBR_399
way/568527671,wof-GBR_400
way/23281217,wof-GBR_403
way/25422135-400,wof-GBR_408
way/25422135-400,wof-GBR_409
way/1078532568,wof-GBR_410
way/1078532568,wof-GBR_411
way/1078532568,wof-GBR_412
way/1078532568,wof-GBR_413
way/642490160,wof-GBR_414
way/642490160,wof-GBR_415
way/568527671,wof-GBR_416
way/568527671,wof-GBR_417
way/568527671,wof-GBR_418
way/568527671,wof-GBR_419
way/568527671,wof-GBR_420
way/568527671,wof-GBR_421
way/568527671,wof-GBR_422
way/568527671,wof-GBR_423
way/568527671,wof-GBR_424
way/568527671,wof-GBR_425
way/568527671,wof-GBR_426
way/568527671,wof-GBR_427
way/568527671,wof-GBR_428
way/568527671,wof-GBR_429
relation/10695345,wof-GBR_431
way/25422135-400,wof-GBR_437
way/25422135-400,wof-GBR_438
way/1078532568,wof-GBR_439
way/1078532568,wof-GBR_440
way/1078532568,wof-GBR_441
way/1078532568,wof-GBR_442
way/1078532568,wof-GBR_443
way/568527671,wof-GBR_444
way/568527671,wof-GBR_445
way/568527671,wof-GBR_446
way/568527671,wof-GBR_447
way/568527671,wof-GBR_448
way/568527671,wof-GBR_449
way/568527671,wof-GBR_450
way/568527671,wof-GBR_451
way/568527671,wof-GBR_452
way/568527671,wof-GBR_453
way/568527671,wof-GBR_454
way/568527671,wof-GBR_455
way/568527671,wof-GBR_456
relation/10695345,wof-GBR_457
way/25422135-400,wof-GBR_458
way/25422135-400,wof-GBR_459
way/25422135-400,wof-GBR_460
way/25422135-400,wof-GBR_462
way/25422135-400,wof-GBR_463
way/1078532568,wof-GBR_466
way/568527671,wof-GBR_471
way/568527671,wof-GBR_472
way/568527671,wof-GBR_473
way/568527671,wof-GBR_474
way/568527671,wof-GBR_475
way/568527671,wof-GBR_476
way/25422135-400,wof-GBR_478
way/25422135-400,wof-GBR_481
way/25422135-400,wof-GBR_482
