bus_id,station_id,voltage,dc,symbol,under_construction,tags,x,y,country
way/32300871-500,way/32300871,500.0,f,Substation,f,way/32300871,-54.54191521207819,-25.46631159598644,BR
way/94745966-500,way/94745966,500.0,f,Substation,f,way/94745966,-51.33517445977297,-29.82330308202412,BR
way/108224468-500,way/108224468,500.0,f,Substation,f,way/108224468,-43.264390614895326,-22.927717153350343,BR
way/125761912-765,way/125761912,765.0,f,Substation,f,way/125761912,-51.67493088490573,-24.42064348767649,BR
way/125761912-500,way/125761912,500.0,f,Substation,f,way/125761912,-51.67513788273859,-24.42098538040836,BR
way/140181432-500,way/140181432,500.0,f,Substation,f,way/140181432,-51.41751384685022,-27.53960858012144,BR
way/150728360-500,way/150728360,500.0,f,Substation,f,way/150728360,-52.62253284679849,-25.630591426285022,BR
way/160888682-440,way/160888682,440.0,f,Substation,f,way/160888682,-47.417666866777495,-22.726748251755502,BR
way/167516187-500,way/167516187,500.0,f,Substation,f,way/167516187,-49.53356873861978,-25.41055252042342,BR
way/168664395-500,way/168664395,500.0,f,Substation,f,way/168664395,-55.854258173109336,-15.685519124272872,BR
way/168904844-500,way/168904844,500.0,f,Substation,f,way/168904844,-58.83006338281112,-15.381393556310003,BR
way/172071437-440,way/172071437,440.0,f,Substation,f,way/172071437,-47.28697451870784,-22.86704348944508,BR
way/174017677-440,way/174017677,440.0,f,Substation,f,way/174017677,-49.83826301605837,-21.85538154842325,BR
way/174852067-500,way/174852067,500.0,f,Substation,f,way/174852067,-47.68565532336719,-21.200408279584245,BR
way/174852067-440,way/174852067,440.0,f,Substation,f,way/174852067,-47.68584284634797,-21.200740895203484,BR
way/188465343-500,way/188465343,500.0,f,Substation,f,way/188465343,-52.40618470212786,-27.272949916573243,BR
way/201470687-500,way/201470687,500.0,f,Substation,f,way/201470687,-63.95913289906006,-8.914227007500225,BR
way/202622375-765,way/202622375,765.0,f,Substation,f,way/202622375,-49.13203910609355,-23.950976120699263,BR
way/215284729-500,way/215284729,500.0,f,Substation,f,way/215284729,-49.65449226733976,-3.823763433567005,BR
way/225181494-500,way/225181494,500.0,f,Substation,f,way/225181494,-47.10518879290176,-23.665694566140605,BR
way/247684836-500,way/247684836,500.0,f,Substation,f,way/247684836,-51.20093539824751,-29.276816128835087,BR
way/271191830-500,way/271191830,500.0,f,Substation,f,way/271191830,-48.45462587782281,-7.97103293641723,BR
way/285044818-500,way/285044818,500.0,f,Substation,f,way/285044818,-55.72401877188073,-1.5824169345797563,BR
way/286006777-440,way/286006777,440.0,f,Substation,f,way/286006777,-51.3651236269615,-20.38402504347521,BR
way/287374167-500,way/287374167,500.0,f,Substation,f,way/287374167,-58.275523154053126,-2.7091221936148315,BR
way/287393618-500,way/287393618,500.0,f,Substation,f,way/287393618,-44.45621627617931,-23.007134004009902,BR
way/302735025-500,way/302735025,500.0,f,Substation,f,way/302735025,-48.34810002846411,-21.83305717570115,BR
way/302735025-440,way/302735025,440.0,f,Substation,f,way/302735025,-48.3482742687558,-21.833005665963,BR
way/302901044-440,way/302901044,440.0,f,Substation,f,way/302901044,-51.63107598517069,-20.779934020567115,BR
way/302931307-440,way/302931307,440.0,f,Substation,f,way/302931307,-50.34902505294877,-19.860402291049645,BR
way/304646981-500,way/304646981,500.0,f,Substation,f,way/304646981,-60.015100613779126,-2.919880880189285,BR
way/306104018-500,way/306104018,500.0,f,Substation,f,way/306104018,-49.57750442018288,-16.619436242628964,BR
way/348815398-500,way/348815398,500.0,f,Substation,f,way/348815398,-35.035803281159815,-8.114724197730848,BR
way/385000005-500,way/385000005,500.0,f,Substation,f,way/385000005,-49.081051739177646,-25.57068250604524,BR
way/131742617-500,way/131742617,500.0,f,Substation,f,way/131742617,-49.31864892503511,-25.59377346632929,BR
way/453724535-500,way/453724535,500.0,f,Substation,f,way/453724535,-56.77314823925731,-9.341367228162785,BR
way/466973262-525,way/466973262,525.0,f,Substation,f,way/466973262,-52.34099919009779,-31.92931821171642,BR
way/515552863-500,way/515552863,500.0,f,Substation,f,way/515552863,-51.685358036619206,-3.108072251131921,BR
way/521542011-500,way/521542011,500.0,f,Substation,f,way/521542011,-51.79003092770694,-27.5276624545652,BR
way/525253078-500,way/525253078,500.0,f,Substation,f,way/525253078,-52.76920237496027,-1.5455397349852813,BR
way/526061686-500,way/526061686,500.0,f,Substation,f,way/526061686,-53.68897981905354,-31.57189628758569,BR
way/526083466-525,way/526083466,525.0,f,Substation,f,way/526083466,-52.9901159643906,-33.139653799845235,BR
way/526083475-525,way/526083475,525.0,f,Substation,f,way/526083475,-53.30047115962391,-33.47525641084844,BR
way/528904118-525,way/528904118,525.0,f,Substation,f,way/528904118,-51.062734379421904,-29.881733491991792,BR
way/532354815-500,way/532354815,500.0,f,Substation,f,way/532354815,-36.297429255878015,-8.895248401962847,BR
way/537470701-500,way/537470701,500.0,f,Substation,f,way/537470701,-49.22235224794941,-20.254074069400133,BR
way/539025237-500,way/539025237,500.0,f,Substation,f,way/539025237,-45.58636171689427,-23.06377478278204,BR
way/539025237-440,way/539025237,440.0,f,Substation,f,way/539025237,-45.586423478318494,-23.06405654149452,BR
way/596594961-500,way/596594961,500.0,f,Substation,f,way/596594961,-42.671759310320894,-14.008357428108484,BR
way/603494578-500,way/603494578,500.0,f,Substation,f,way/603494578,-36.40313655427735,-8.883021478741368,BR
way/626452961-500,way/626452961,500.0,f,Substation,f,way/626452961,-53.78020049186469,-31.451258124796425,BR
way/626479359-500,way/626479359,500.0,f,Substation,f,way/626479359,-43.768988879816966,-22.656275371116617,BR
way/953014442-500,way/953014442,500.0,f,Substation,f,way/953014442,-45.28989667195908,-10.098730938231183,BR
way/954122148-500,way/954122148,500.0,f,Substation,f,way/954122148,-43.32624216312621,-15.924490472109207,BR
way/969586211-525,way/969586211,525.0,f,Substation,f,way/969586211,-51.52749227906772,-30.046978698771067,BR
way/1090304792-500,way/1090304792,500.0,f,Substation,f,way/1090304792,-34.92612845634469,-7.218956469411919,BR
relation/6844204-500,relation/6844204,500.0,f,Substation,f,relation/6844204,-49.10938178614263,-18.40839176170959,BR
relation/9328495-500,relation/9328495,500.0,f,Substation,f,relation/9328495,-55.67172734442198,-28.254375501938924,BR
BR682-500,BR682,500.0,f,Substation,f,BR682,-43.51814898274496,-22.7366923546198,BR
BR758-440,BR758,440.0,f,Substation,f,BR758,-46.37937480000001,-23.781632872176377,BR
BR867-500,BR867,500.0,f,Substation,f,BR867,-56.5208371,-27.57496557433453,BR
BR676-500,BR676,500.0,f,Substation,f,BR676,-50.35179070352927,-22.666688550849347,BR
BR683-500,BR683,500.0,f,Substation,f,BR683,-43.333294500000015,-22.74694627185051,BR
BR669-500,BR669,500.0,f,Substation,f,BR669,-45.03589897904356,-22.631570641557143,BR
BR837-500,BR837,500.0,f,Substation,f,BR837,-51.601489983978375,-25.968921136312183,BR
BR294-500,BR294,500.0,f,Substation,f,BR294,-40.827822211999305,-9.435482834514126,BR
BR832-500,BR832,500.0,f,Substation,f,BR832,-52.096975200113086,-25.788457184180203,BR
BR833-500,BR833,500.0,f,Substation,f,BR833,-52.112551999530965,-25.79028182294636,BR
BR838-500,BR838,500.0,f,Substation,f,BR838,-51.66894664961394,-26.006634022901075,BR
BR661-440,BR661,440.0,f,Substation,f,BR661,-48.7803184,-22.508720571793635,BR
BR676-440,BR676,440.0,f,Substation,f,BR676,-50.35184993982906,-22.666964774316167,BR
BR614-440,BR614,440.0,f,Substation,f,BR614,-51.36416720498057,-20.40948241141895,BR
BR668-440,BR668,440.0,f,Substation,f,BR668,-47.5574756,-22.60460177181569,BR
BR686-500,BR686,500.0,f,Substation,f,BR686,-47.00415835715949,-22.7752042629424,BR
BR641-500,BR641,500.0,f,Substation,f,BR641,-48.25469249906583,-21.774311423788,BR
BR642-500,BR642,500.0,f,Substation,f,BR642,-46.612323809793054,-21.797465085875885,BR
BR641-440,BR641,440.0,f,Substation,f,BR641,-48.25488306503576,-21.77464555034457,BR
BR621-440,BR621,440.0,f,Substation,f,BR621,-51.44528379999999,-20.661984671598265,BR
BR624-440,BR624,440.0,f,Substation,f,BR624,-51.30145632364909,-20.672364312454967,BR
BR105-500,BR105,500.0,f,Substation,f,BR105,-38.93005702332966,-4.953800846433829,BR
way/302931307-500,way/302931307,500.0,f,Substation,f,way/302931307,-50.34884268325059,-19.860069507461628,BR
BR544-500,BR544,500.0,f,Substation,f,BR544,-50.49186521232137,-19.02212170128914,BR
BR746-440,BR746,440.0,f,Substation,f,BR746,-46.25393831117532,-23.58443173091125,BR
BR746-500,BR746,500.0,f,Substation,f,BR746,-46.25387437637215,-23.58414945329578,BR
BR141-500,BR141,500.0,f,Substation,f,BR141,-47.4722481678769,-5.422926920129352,BR
BR102-500,BR102,500.0,f,Substation,f,BR102,-47.40478360175928,-4.919976881122606,BR
way/32300871-765,way/32300871,765.0,f,Substation,f,way/32300871,-54.54170372105312,-25.466159517341893,BR
BR787-500,BR787,500.0,f,Substation,f,BR787,-53.53092616301022,-25.02917681570696,BR
BR657-440,BR657,440.0,f,Substation,f,BR657,-52.96307379301877,-22.487603228007075,BR
BR646-440,BR646,440.0,f,Substation,f,BR646,-49.09555886018809,-22.282446753264352,BR
BR625-440,BR625,440.0,f,Substation,f,BR625,-51.61375788232354,-20.79219520104582,BR
BR606-500,BR606,500.0,f,Substation,f,BR606,-49.20432402274446,-20.300835286540103,BR
BR296-500,BR296,500.0,f,Substation,f,BR296,-40.51973995844824,-9.486696251561932,BR
BR592-500,BR592,500.0,f,Substation,f,BR592,-47.43816928627064,-20.01583380308413,BR
BR666-440,BR666,440.0,f,Substation,f,BR666,-47.21121282900109,-22.593246816401805,BR
BR654-440,BR654,440.0,f,Substation,f,BR654,-47.06558668572583,-22.426999118105925,BR
BR650-440,BR650,440.0,f,Substation,f,BR650,-47.46035344725851,-22.39462321937872,BR
BR543-500,BR543,500.0,f,Substation,f,BR543,-50.4993262030304,-19.018360169806098,BR
BR764-440,BR764,440.0,f,Substation,f,BR764,-46.80185997577203,-23.8445198827401,BR
BR728-440,BR728,440.0,f,Substation,f,BR728,-47.40594075657371,-23.437280087161163,BR
BR741-440,BR741,440.0,f,Substation,f,BR741,-47.29804054336705,-23.54255516344278,BR
BR730-440,BR730,440.0,f,Substation,f,BR730,-47.08481549714283,-23.43812526880832,BR
BR820-500,BR820,500.0,f,Substation,f,BR820,-53.49770254906137,-25.543366371652727,BR
BR837-525,BR837,525.0,f,Substation,f,BR837,-51.6014148355938,-25.968638741307984,BR
BR849-500,BR849,500.0,f,Substation,f,BR849,-48.953919399999975,-26.87625817383706,BR
BR786-500,BR786,500.0,f,Substation,f,BR786,-49.28522043061289,-24.94034508585984,BR
BR673-440,BR673,440.0,f,Substation,f,BR673,-51.360279646438016,-22.657431213789497,BR
BR704-440,BR704,440.0,f,Substation,f,BR704,-47.00915979072543,-23.120959674165515,BR
BR708-440,BR708,440.0,f,Substation,f,BR708,-46.99084067230177,-23.149984692297657,BR
BR678-440,BR678,440.0,f,Substation,f,BR678,-47.08551119999999,-22.717842671843165,BR
BR714-440,BR714,440.0,f,Substation,f,BR714,-47.12482279999999,-23.273315772000515,BR
BR716-440,BR716,440.0,f,Substation,f,BR716,-47.116287605748255,-23.27800436155872,BR
BR717-440,BR717,440.0,f,Substation,f,BR717,-47.04946119999998,-23.279374172002456,BR
BR685-500,BR685,500.0,f,Substation,f,BR685,-45.08770040027604,-22.76752273018172,BR
BR713-500,BR713,500.0,f,Substation,f,BR713,-45.71989381576231,-23.264050115886988,BR
BR656-500,BR656,500.0,f,Substation,f,BR656,-45.51571949655495,-22.46832726363296,BR
BR696-500,BR696,500.0,f,Substation,f,BR696,-46.90718335734181,-22.958956453490355,BR
BR550-500,BR550,500.0,f,Substation,f,BR550,-47.69957127863466,-19.13614047441029,BR
BR525-500,BR525,500.0,f,Substation,f,BR525,-47.98601944901826,-18.457676968141428,BR
BR556-500,BR556,500.0,f,Substation,f,BR556,-46.01439034953328,-19.33730913549393,BR
BR583-500,BR583,500.0,f,Substation,f,BR583,-44.103895551373526,-19.823036451119776,BR
BR596-500,BR596,500.0,f,Substation,f,BR596,-44.84061294753854,-20.07276036511153,BR
BR580-500,BR580,500.0,f,Substation,f,BR580,-45.31103434304593,-19.79301020433665,BR
BR571-500,BR571,500.0,f,Substation,f,BR571,-43.33335441502338,-19.59985362769128,BR
BR435-500,BR435,500.0,f,Substation,f,BR435,-48.30154680322931,-13.826789634741113,BR
BR493-500,BR493,500.0,f,Substation,f,BR493,-48.16696469999997,-16.61441807282918,BR
BR487-500,BR487,500.0,f,Substation,f,BR487,-52.63774700358056,-16.474341650383664,BR
BR78-500,BR78,500.0,f,Substation,f,BR78,-38.542338505595424,-3.830842075761761,BR
BR63-500,BR63,500.0,f,Substation,f,BR63,-38.87288655886983,-3.598668664031825,BR
BR72-500,BR72,500.0,f,Substation,f,BR72,-41.028719430695936,-3.771141528230874,BR
BR125-500,BR125,500.0,f,Substation,f,BR125,-44.48083816777663,-5.2684079252148726,BR
BR689-500,BR689,500.0,f,Substation,f,BR689,-43.712466185200746,-22.87398384164512,BR
BR691-500,BR691,500.0,f,Substation,f,BR691,-43.74368409999999,-22.908768171893087,BR
BR185-500,BR185,500.0,f,Substation,f,BR185,-43.56422899465003,-6.72393607851112,BR
BR254-500,BR254,500.0,f,Substation,f,BR254,-42.22901639449768,-8.35821523392407,BR
BR208-500,BR208,500.0,f,Substation,f,BR208,-38.94092062392424,-7.306476131082652,BR
BR710-440,BR710,440.0,f,Substation,f,BR710,-47.24042773899089,-23.18126651705284,BR
BR119-500,BR119,500.0,f,Substation,f,BR119,-49.02460496798099,-5.198822563861516,BR
BR282-500,BR282,500.0,f,Substation,f,BR282,-38.30490778404523,-9.14478661948066,BR
BR293-500,BR293,500.0,f,Substation,f,BR293,-38.19659731349,-9.410850627332223,BR
BR302-500,BR302,500.0,f,Substation,f,BR302,-37.79597065467512,-9.633390941524132,BR
BR323-500,BR323,500.0,f,Substation,f,BR323,-38.29893169980371,-10.163008396609047,BR
BR630-440,BR630,440.0,f,Substation,f,BR630,-49.50280178143521,-20.86799442342614,BR
BR61-500,BR61,500.0,f,Substation,f,BR61,-44.53221091494228,-3.568324152471042,BR
BR49-500,BR49,500.0,f,Substation,f,BR49,-44.2970876076226,-3.0210677782780824,BR
BR184-500,BR184,500.0,f,Substation,f,BR184,-47.46089223416503,-6.584925073328322,BR
BR77-500,BR77,500.0,f,Substation,f,BR77,-49.62798842789735,-3.8110261664991287,BR
BR20-500,BR20,500.0,f,Substation,f,BR20,-48.73252253122822,-1.572586544804627,BR
BR21-500,BR21,500.0,f,Substation,f,BR21,-55.9317361,-1.6396521963443924,BR
BR662-440,BR662,440.0,f,Substation,f,BR662,-51.99954631918781,-22.538507639749685,BR
BR220-500,BR220,500.0,f,Substation,f,BR220,-45.20455233892388,-7.633733050410755,BR
BR400-500,BR400,500.0,f,Substation,f,BR400,-38.3451863268699,-12.619848601901348,BR
BR482-500,BR482,500.0,f,Substation,f,BR482,-48.17292924301133,-15.924360640364304,BR
BR430-500,BR430,500.0,f,Substation,f,BR430,-41.37408393054279,-13.439661094014246,BR
BR428-500,BR428,500.0,f,Substation,f,BR428,-43.343294025059166,-13.310012470354676,BR
BR23-500,BR23,500.0,f,Substation,f,BR23,-55.966705599999976,-1.6632811962920242,BR
BR679-500,BR679,500.0,f,Substation,f,BR679,-43.64357424985728,-22.72004397149504,BR
BR558-500,BR558,500.0,f,Substation,f,BR558,-42.54840194428438,-19.41645815673267,BR
BR866-500,BR866,500.0,f,Substation,f,BR866,-51.071859168945096,-27.571586702453587,BR
BR290-500,BR290,500.0,f,Substation,f,BR290,-56.84266704806421,-9.354009945251914,BR
BR412-500,BR412,500.0,f,Substation,f,BR412,-39.18589299055056,-12.716996678682944,BR
BR781-500,BR781,500.0,f,Substation,f,BR781,-48.58132234351152,-24.260630442568434,BR
BR274-500,BR274,500.0,f,Substation,f,BR274,-63.94795107455454,-8.802447439904123,BR
BR515-500,BR515,500.0,f,Substation,f,BR515,-50.86204273982951,-17.721999725761492,BR
BR802-500,BR802,500.0,f,Substation,f,BR802,-49.53682270000001,-25.39876327292552,BR
BR52-500,BR52,500.0,f,Substation,f,BR52,-51.775596998179545,-3.129115051867249,BR
BR605-500,BR605,500.0,f,Substation,f,BR605,-43.75939201300955,-20.29819039232649,BR
BR22-500,BR22,500.0,f,Substation,f,BR22,-55.943336699999975,-1.6463924963293974,BR
BR204-500,BR204,500.0,f,Substation,f,BR204,-35.98040012512699,-7.252915113232939,BR
BR626-440,BR626,440.0,f,Substation,f,BR626,-51.638490299596775,-20.797500020795773,BR
BR285-500,BR285,500.0,f,Substation,f,BR285,-64.64301096960544,-9.27093101361689,BR
BR878-500,BR878,500.0,f,Substation,f,BR878,-54.32431623574397,-28.28114744679309,BR
BR292-500,BR292,500.0,f,Substation,f,BR292,-35.842928681546425,-9.403090104752163,BR
BR258-500,BR258,500.0,f,Substation,f,BR258,-35.04693649207044,-8.389697789502915,BR
BR732-500,BR732,500.0,f,Substation,f,BR732,-51.14135934216178,-23.46263772912599,BR
BR681-440,BR681,440.0,f,Substation,f,BR681,-47.11168169999998,-22.73513727184749,BR
BR748-500,BR748,500.0,f,Substation,f,BR748,-46.23813179999998,-23.601388672110623,BR
BR749-440,BR749,440.0,f,Substation,f,BR749,-46.96606269999999,-23.60330217211128,BR
BR744-440,BR744,440.0,f,Substation,f,BR744,-46.90739930000001,-23.56287087209704,BR
BR756-440,BR756,440.0,f,Substation,f,BR756,-46.37560310000001,-23.76912517217173,BR
BR659-500,BR659,500.0,f,Substation,f,BR659,-44.51501639968832,-22.49941147099213,BR
BR684-500,BR684,500.0,f,Substation,f,BR684,-43.54235624919435,-22.75489943325821,BR
BR674-500,BR674,500.0,f,Substation,f,BR674,-43.47702026310551,-22.66546641171263,BR
BR485-500,BR485,500.0,f,Substation,f,BR485,-47.83157678646354,-16.350475873430806,BR
BR703-500,BR703,500.0,f,Substation,f,BR703,-45.627095099999984,-23.08441007194284,BR
BR369-500,BR369,500.0,f,Substation,f,BR369,-55.33204032257802,-11.974114479956633,BR
BR371-500,BR371,500.0,f,Substation,f,BR371,-55.52049106373413,-11.983365531841647,BR
BR437-500,BR437,500.0,f,Substation,f,BR437,-46.17335067795428,-13.854563270228704,BR
BR439-500,BR439,500.0,f,Substation,f,BR439,-42.61395161135612,-13.98283455119454,BR
BR236-500,BR236,500.0,f,Substation,f,BR236,-40.63842877978718,-8.036271218197674,BR
BR148-500,BR148,500.0,f,Substation,f,BR148,-37.03135420245117,-5.580055831772162,BR
BR154-500,BR154,500.0,f,Substation,f,BR154,-35.45154001598838,-5.673407832131407,BR
BR135-500,BR135,500.0,f,Substation,f,BR135,-35.88666814570553,-5.3800595382402925,BR
BR142-500,BR142,500.0,f,Substation,f,BR142,-36.21545569412446,-5.44674956283963,BR
BR209-500,BR209,500.0,f,Substation,f,BR209,-38.92433565778015,-7.344332022186929,BR
BR122-500,BR122,500.0,f,Substation,f,BR122,-42.725673915735335,-5.257635110735363,BR
BR42-500,BR42,500.0,f,Substation,f,BR42,-42.59613989999999,-2.7282715939496938,BR
BR602-500,BR602,500.0,f,Substation,f,BR602,-47.17624786932275,-20.261081164335085,BR
BR366-500,BR366,500.0,f,Substation,f,BR366,-41.39830785156701,-11.714280969748826,BR
BR333-500,BR333,500.0,f,Substation,f,BR333,-44.030827244636015,-10.600537835278148,BR
BR300-500,BR300,500.0,f,Substation,f,BR300,-48.52173079736014,-9.53971734451356,BR
BR382-500,BR382,500.0,f,Substation,f,BR382,-44.809497655024686,-12.172489588501856,BR
BR357-500,BR357,500.0,f,Substation,f,BR357,-55.33408129195488,-11.290882718917135,BR
BR347-500,BR347,500.0,f,Substation,f,BR347,-55.77396159999998,-10.97860547856748,BR
BR354-500,BR354,500.0,f,Substation,f,BR354,-42.6670163871299,-11.279900556273866,BR
BR41-500,BR41,500.0,f,Substation,f,BR41,-44.31748703779196,-2.71880341723628,BR
BR51-500,BR51,500.0,f,Substation,f,BR51,-41.764420730654535,-3.123723222662458,BR
BR446-500,BR446,500.0,f,Substation,f,BR446,-54.430417533283496,-14.157269928878948,BR
BR721-440,BR721,440.0,f,Substation,f,BR721,-46.40050469988342,-23.373602021835907,BR
BR340-500,BR340,500.0,f,Substation,f,BR340,-36.94001554908307,-10.815035777801326,BR
BR264-500,BR264,500.0,f,Substation,f,BR264,-41.426067189890304,-8.589501938047245,BR
BR886-500,BR886,500.0,f,Substation,f,BR886,-49.41095999530089,-28.557502743954668,BR
BR700-440,BR700,440.0,f,Substation,f,BR700,-46.512891264379896,-23.057134660902825,BR
BR697-500,BR697,500.0,f,Substation,f,BR697,-46.51947139999997,-23.02601287192588,BR
BR310-500,BR310,500.0,f,Substation,f,BR310,-48.37275562020466,-9.755715647233677,BR
BR360-500,BR360,500.0,f,Substation,f,BR360,-38.38256759740358,-11.319542654923511,BR
BR344-500,BR344,500.0,f,Substation,f,BR344,-37.148232101484055,-10.880171372593736,BR
BR278-500,BR278,500.0,f,Substation,f,BR278,-41.73593189999999,-9.04032868155996,BR
BR639-440,BR639,440.0,f,Substation,f,BR639,-51.16083829992481,-21.64117377147648,BR
BR578-500,BR578,500.0,f,Substation,f,BR578,-43.907093709735,-19.73853156488099,BR
BR343-500,BR343,500.0,f,Substation,f,BR343,-41.33950590698007,-10.873951449971097,BR
BR535-500,BR535,500.0,f,Substation,f,BR535,-41.9722289673157,-18.80958574336155,BR
BR506-500,BR506,500.0,f,Substation,f,BR506,-44.8680367022393,-17.338708193054234,BR
BR788-500,BR788,500.0,f,Substation,f,BR788,-50.32237519194938,-25.091669686138665,BR
BR473-500,BR473,500.0,f,Substation,f,BR473,-45.971206949107895,-15.7522550454209,BR
BR587-500,BR587,500.0,f,Substation,f,BR587,-41.448937267927874,-19.89500153874925,BR
BR387-500,BR387,500.0,f,Substation,f,BR387,-42.61033218516307,-12.324187564787998,BR
BR499-500,BR499,500.0,f,Substation,f,BR499,-41.4824526662072,-17.00937079984793,BR
BR845-500,BR845,500.0,f,Substation,f,BR845,-49.07815963860767,-26.7822576991978,BR
BR308-500,BR308,500.0,f,Substation,f,BR308,-41.0074476,-9.74863878041182,BR
BR1013-525,BR1013,525.0,f,Substation,f,BR1013,-52.57663979999996,-32.49798137871159,BR
BR483-500,BR483,500.0,f,Substation,f,BR483,-43.50648589999997,-15.94656987326424,BR
BR190-500,BR190,500.0,f,Substation,f,BR190,-36.98529276037212,-6.912582242912198,BR
BR171-500,BR171,500.0,f,Substation,f,BR171,-49.68436771292431,-6.080992286476038,BR
BR276-500,BR276,500.0,f,Substation,f,BR276,-41.594120900000014,-8.872932981840087,BR
BR114-500,BR114,500.0,f,Substation,f,BR114,-37.04964279996408,-5.130977238708944,BR
BR459-500,BR459,500.0,f,Substation,f,BR459,-40.3867828991901,-14.513241711502388,BR
BR700-500,BR700,500.0,f,Substation,f,BR700,-46.51269560711673,-23.05680005286293,BR
BR984-525,BR984,525.0,f,Substation,f,BR984,-51.50809709999996,-30.03999917636823,BR
way/206109551-500,way/206109551,500.0,f,Substation,f,way/206109551,-51.826380412776174,-23.443976928480065,BR
BR777-500,BR777,500.0,f,Substation,f,BR777,-54.22603779600252,-24.10609142096757,BR
BR304-500,BR304,500.0,f,Substation,f,BR304,-40.68677189990788,-9.659693830395938,BR
BR949-525,BR949,525.0,f,Substation,f,BR949,-51.132023099999984,-29.80956187616232,BR
BR159-500,BR159,500.0,f,Substation,f,BR159,-35.923112899980204,-5.785051587450502,BR
BR79-500,BR79,500.0,f,Substation,f,BR79,-38.55097589999998,-3.888784191450093,BR
way/526061686-525,way/526061686,525.0,f,Substation,f,way/526061686,-53.68887088933373,-31.571602349514105,BR
BR103-500,BR103,500.0,f,Substation,f,BR103,-37.68423768868889,-4.929641022279961,BR
BR80-500,BR80,500.0,f,Substation,f,BR80,-38.54271854987008,-3.8994473912140566,BR
BR490-500,BR490,500.0,f,Substation,f,BR490,-48.36813569999998,-16.57577857285254,BR
BR373-500,BR373,500.0,f,Substation,f,BR373,-45.065918,-12.06138607711002,BR
BR337-500,BR337,500.0,f,Substation,f,BR337,-41.21439459999998,-10.735058078917072,BR
BR155-500,BR155,500.0,f,Substation,f,BR155,-36.269479399811694,-5.686393237614637,BR
BR992-525,BR992,525.0,f,Substation,f,BR992,-50.43816328806006,-30.103563441198425,BR
BR187-500,BR187,500.0,f,Substation,f,BR187,-36.669563099999976,-6.785813585590553,BR
BR643-500,BR643,500.0,f,Substation,f,BR643,-41.35036968682792,-21.830822121392565,BR
BR644-500,BR644,500.0,f,Substation,f,BR644,-41.01574028126716,-21.84303419079031,BR
way/495013387-500,way/495013387,500.0,f,Substation,f,way/495013387,-49.020521686407164,-26.875032227545656,BR
BR909-500,BR909,500.0,f,Substation,f,BR909,-51.33987039999996,-29.152903775591746,BR
BR903-500,BR903,500.0,f,Substation,f,BR903,-51.14901249999999,-29.08536097553456,BR
BR221-500,BR221,500.0,f,Substation,f,BR221,-40.65679639999998,-7.638142884003676,BR
BR464-500,BR464,500.0,f,Substation,f,BR464,-42.76918270772936,-14.861737678520464,BR
BR862-500,BR862,500.0,f,Substation,f,BR862,-48.73269236232017,-27.48437596230588,BR
BR628-440,BR628,440.0,f,Substation,f,BR628,-49.50963199999997,-20.862613871597723,BR
BR433-500,BR433,500.0,f,Substation,f,BR433,-48.04624885493325,-13.765707958906283,BR
BR367-500,BR367,500.0,f,Substation,f,BR367,-49.011737876941154,-11.735145205373597,BR
BR381-500,BR381,500.0,f,Substation,f,BR381,-48.55146984227082,-12.163274448643737,BR
BR500-500,BR500,500.0,f,Substation,f,BR500,-47.11167979570981,-17.07030026067378,BR
BR803-500,BR803,500.0,f,Substation,f,BR803,-54.59191417285208,-25.40784473958536,BR
BR876-500,BR876,500.0,f,Substation,f,BR876,-54.38352519999998,-28.19467937480749,BR
way/32300871-525,way/32300871,525.0,f,Substation,f,way/32300871,-54.54191969300148,-25.466505803624568,BR
BR755-765,BR755,765.0,f,Substation,f,BR755,-46.273167576815176,-23.708309305609745,BR
way/528904118-500,way/528904118,500.0,f,Substation,f,way/528904118,-51.06283130581481,-29.88202582456815,BR
BR629-500,BR629,500.0,f,Substation,f,BR629,-48.15682054983085,-20.865290721485767,BR
BR858-500,BR858,500.0,f,Substation,f,BR858,-52.39038954964809,-27.282852773813243,BR
BR863-500,BR863,500.0,f,Substation,f,BR863,-56.69656739999997,-27.48949447427156,BR
BR541-500,BR541,500.0,f,Substation,f,BR541,-50.67060774416836,-19.009362732594823,BR
way/131742617-525,way/131742617,525.0,f,Substation,f,way/131742617,-49.31857573190885,-25.593489614128647,BR
BR755-500,BR755,500.0,f,Substation,f,BR755,-46.27323205154198,-23.70859183556427,BR
BR610-500,BR610,500.0,f,Substation,f,BR610,-43.784523440534535,-20.32843636590147,BR
BR632-440,BR632,440.0,f,Substation,f,BR632,-50.28252669906543,-21.14559347064098,BR
BR609-440,BR609,440.0,f,Substation,f,BR609,-51.41711180726843,-20.319374446248847,BR
BR143-500,BR143,500.0,f,Substation,f,BR143,-49.14768501648478,-5.457008958215093,BR
BR24-500,BR24,500.0,f,Substation,f,BR24,-55.977630700000006,-1.6707224962755585,BR
BR1014-525,BR1014,525.0,f,Substation,f,BR1014,-52.59752339999998,-32.61112997882456,BR
BR227-500,BR227,500.0,f,Substation,f,BR227,-35.02042981956972,-7.8589215190862705,BR
BR284-500,BR284,500.0,f,Substation,f,BR284,-64.64726354245344,-9.248871827076556,BR
BR1012-500,BR1012,500.0,f,Substation,f,BR1012,-54.08984529999999,-32.41572377862976,BR
BR726-440,BR726,440.0,f,Substation,f,BR726,-47.383882999999976,-23.3990133720412,BR
BR670-440,BR670,440.0,f,Substation,f,BR670,-47.5700605,-22.633718271822588,BR
BR475-500,BR475,500.0,f,Substation,f,BR475,-47.70841444985668,-15.811186473052956,BR
BR283-500,BR283,500.0,f,Substation,f,BR283,-57.05103099999998,-9.18686568131747,BR
BR384-500,BR384,500.0,f,Substation,f,BR384,-48.39246309999997,-12.227642876900587,BR
BR246-500,BR246,500.0,f,Substation,f,BR246,-42.55665779999999,-8.19382018300928,BR
BR309-500,BR309,500.0,f,Substation,f,BR309,-45.34789259716936,-9.751963491661224,BR
BR353-500,BR353,500.0,f,Substation,f,BR353,-55.45012239999999,-11.270315178159104,BR
BR46-500,BR46,500.0,f,Substation,f,BR46,-40.10544837797615,-2.936416988808081,BR
BR268-500,BR268,500.0,f,Substation,f,BR268,-41.512796506861655,-8.731194942798934,BR
BR15-500,BR15,500.0,f,Substation,f,BR15,-48.36150696403863,-1.4120163956892406,BR
BR248-500,BR248,500.0,f,Substation,f,BR248,-42.15456250000001,-8.26270168288836,BR
BR528-500,BR528,500.0,f,Substation,f,BR528,-44.09071796898516,-18.671190894646728,BR
BR627-500,BR627,500.0,f,Substation,f,BR627,-40.88381049854311,-20.85884455198948,BR
BR947-525,BR947,525.0,f,Substation,f,BR947,-51.172758874561055,-29.802689091523355,BR
way/94745966-525,way/94745966,525.0,f,Substation,f,way/94745966,-51.33507777694974,-29.823011161206235,BR
BR613-500,BR613,500.0,f,Substation,f,BR613,-40.507160298293456,-20.382223309692936,BR
BR363-500,BR363,500.0,f,Substation,f,BR363,-41.32416129999999,-11.519607777819218,BR
BR663-440,BR663,440.0,f,Substation,f,BR663,-48.8083398,-22.538591371800365,BR
BR37-500,BR37,500.0,f,Substation,f,BR37,-44.31081491233834,-2.67791708622154,BR
BR181-500,BR181,500.0,f,Substation,f,BR181,-50.02077608758205,-6.438721236603202,BR
BR120-500,BR120,500.0,f,Substation,f,BR120,-37.116462,-5.223907888670614,BR
BR194-500,BR194,500.0,f,Substation,f,BR194,-36.80009549999997,-6.99103148520194,BR
BR355-500,BR355,500.0,f,Substation,f,BR355,-38.79116289999999,-11.285912678137567,BR
BR579-500,BR579,500.0,f,Substation,f,BR579,-40.393064035034605,-19.77167866727571,BR
BR153-500,BR153,500.0,f,Substation,f,BR153,-36.12264989999999,-5.659280787791619,BR
BR147-500,BR147,500.0,f,Substation,f,BR147,-36.2188017,-5.575559987959509,BR
BR163-500,BR163,500.0,f,Substation,f,BR163,-36.118358399999984,-5.819694687471581,BR
BR321-500,BR321,500.0,f,Substation,f,BR321,-38.7504101,-10.13015567981897,BR
BR491-500,BR491,500.0,f,Substation,f,BR491,-48.30158219832538,-16.585156858162293,BR
BR348-500,BR348,500.0,f,Substation,f,BR348,-41.30402329999999,-11.016151378514229,BR
BR339-500,BR339,500.0,f,Substation,f,BR339,-41.475523699999975,-10.79140537883551,BR
BR164-500,BR164,500.0,f,Substation,f,BR164,-36.352520599999984,-5.862227187387011,BR
BR413-500,BR413,500.0,f,Substation,f,BR413,-42.04247299999999,-12.720145176303005,BR
BR652-500,BR652,500.0,f,Substation,f,BR652,-41.98570038233836,-22.408736755748063,BR
BR478-500,BR478,500.0,f,Substation,f,BR478,-43.45882419999997,-15.82491047335075,BR
BR904-500,BR904,500.0,f,Substation,f,BR904,-51.26451658331286,-29.09903671067936,BR
BR462-500,BR462,500.0,f,Substation,f,BR462,-42.57935999999998,-14.81814847415139,BR
BR851-500,BR851,500.0,f,Substation,f,BR851,-48.701492034090265,-26.9624287268975,BR
BR787-525,BR787,525.0,f,Substation,f,BR787,-53.53085601439437,-25.02889872768649,BR
way/168904844-230,way/168904844,230.0,f,Substation,f,way/168904844,-58.83022468805363,-15.381724631136318,BR
way/201470687-230,way/201470687,230.0,f,Substation,f,way/201470687,-63.95934347353999,-8.91425506502999,BR
way/284868411-230,way/284868411,230.0,f,Substation,f,way/284868411,-65.16772385914443,-9.710985412629553,BR
way/307168542-230,way/307168542,230.0,f,Substation,f,way/307168542,-61.1362220654978,-11.606882927943447,BR
BR327-230,BR327,230.0,f,Substation,f,BR327,-62.45473854914998,-10.423657728073824,BR
BR270-230,BR270,230.0,f,Substation,f,BR270,-63.46008628656508,-8.752710906545921,BR
BR315-230,BR315,230.0,f,Substation,f,BR315,-63.01152818717812,-9.92657313081562,BR
BR342-230,BR342,230.0,f,Substation,f,BR342,-61.89421254650193,-10.862129190435503,BR
BR305-230,BR305,230.0,f,Substation,f,BR305,-65.45542999999999,-9.666897280541171,BR
BR273-230,BR273,230.0,f,Substation,f,BR273,-63.81713441633519,-8.79650326567996,BR
BR274-230,BR274,230.0,f,Substation,f,BR274,-63.94807838539951,-8.802768534049033,BR
BR319-230,BR319,230.0,f,Substation,f,BR319,-67.72984614949372,-10.010177566659118,BR
BR318-230,BR318,230.0,f,Substation,f,BR318,-67.71911059999998,-10.009135380005064,BR
BR303-230,BR303,230.0,f,Substation,f,BR303,-65.43948480000002,-9.658851480554024,BR
BR411-230,BR411,230.0,f,Substation,f,BR411,-60.26463051000073,-12.716508117379275,BR
