bus_id,voltage,dc,symbol,under_construction,tags,x,y,country
DE1-220,220,f,Substation,f,DE1,13.677140000000009,54.81728079576386,DE
DE10-380,380,f,Substation,f,DE10,9.55273434158658,53.56351078676104,DE
DE100-220,220,f,Substation,f,DE100,7.135589007277195,51.41706529105013,DE
DE100-380,380,f,Substation,f,DE100,7.135881813553114,51.417263265710986,DE
DE102-220,220,f,Substation,f,DE102,7.244493852789926,51.40074485119219,DE
DE102-380,380,f,Substation,f,DE102,7.244787024633815,51.40094255459367,DE
DE103-380,380,f,Substation,f,DE103,11.949096496471162,51.40012244621311,DE
DE104-380,380,f,Substation,f,DE104,8.907932800000003,51.39009809446736,DE
DE105-220,220,f,Substation,f,DE105,7.189059400000002,51.37620589446112,DE
DE106-220,220,f,Substation,f,DE106,6.703512700000003,51.3705244944586,DE
DE107-220,220,f,Substation,f,DE107,6.709224388263882,51.36152847483574,DE
DE107-380,380,f,Substation,f,DE107,6.7095150123574845,51.36172750834762,DE
DE108-220,220,f,Substation,f,DE108,9.644376,51.357485994452695,DE
DE109-220,220,f,Substation,f,DE109,7.59728974680657,51.34823073723956,DE
DE11-380,380,f,Substation,f,DE11,9.524278467525209,53.54646033541849,DE
DE110-220,220,f,Substation,f,DE110,6.721174529260266,51.34265578686514,DE
DE110-380,380,f,Substation,f,DE110,6.721465088084146,51.34285479107073,DE
DE111-380,380,f,Substation,f,DE111,6.821038505957257,51.341401801176325,DE
DE112-380,380,f,Substation,f,DE112,6.792451300000009,51.326061694438536,DE
DE113-220,220,f,Substation,f,DE113,6.522731399999995,51.322488094436885,DE
DE114-380,380,f,Substation,f,DE114,6.588194200000004,51.28422529441954,DE
DE117-380,380,f,Substation,f,DE117,6.657492900000003,51.19155419437732,DE
DE118-220,220,f,Substation,f,DE118,6.879764699999999,51.18915739437622,DE
DE119-380,380,f,Substation,f,DE119,12.408075831321682,51.178106428245,DE
DE12-380,380,f,Substation,f,DE12,9.951962864359867,53.4895990880549,DE
DE121-380,380,f,Substation,f,DE121,9.095729600000004,51.1638940943646,DE
DE122-220,220,f,Substation,f,DE122,6.935751400000001,51.14209109435459,DE
DE124-380,380,f,Substation,f,DE124,6.910996700000006,51.11766229434339,DE
DE125-220,220,f,Substation,f,DE125,6.62170786954754,51.05444962416899,DE
DE125-380,380,f,Substation,f,DE125,6.621996234564668,51.05464887830735,DE
DE126-220,220,f,Substation,f,DE126,6.962914360066468,51.05087051423142,DE
DE127-380,380,f,Substation,f,DE127,6.659123618464068,51.03709977986417,DE
DE128-380,380,f,Substation,f,DE128,6.634290410632012,51.034170776226574,DE
DE129-220,220,f,Substation,f,DE129,6.854151100000001,51.02386209429996,DE
DE13-380,380,f,Substation,f,DE13,9.388690700000016,53.33842049526152,DE
DE130-380,380,f,Substation,f,DE130,6.959112100000008,51.02029029429831,DE
DE131-220,220,f,Substation,f,DE131,6.699473899999996,50.974868294277066,DE
DE132-220,220,f,Substation,f,DE132,7.969504899999993,50.95411029426735,DE
DE133-380,380,f,Substation,f,DE133,6.213656042172725,50.94372875610752,DE
DE134-380,380,f,Substation,f,DE134,11.42968684962458,50.91163214434886,DE
DE135-220,220,f,Substation,f,DE135,8.100716699999996,50.87100909422831,DE
DE136-380,380,f,Substation,f,DE136,6.648156300000003,50.867163794226514,DE
DE137-220,220,f,Substation,f,DE137,7.941187924212056,50.84796440422477,DE
DE137-380,380,f,Substation,f,DE137,7.941480603896606,50.84816037295551,DE
DE138-220,220,f,Substation,f,DE138,6.894042364775366,50.847830198716814,DE
DE138-380,380,f,Substation,f,DE138,6.894330635829885,50.84802878375587,DE
DE139-220,220,f,Substation,f,DE139,6.926703077554244,50.83784972317656,DE
DE139-380,380,f,Substation,f,DE139,6.926991426472784,50.83804822752893,DE
DE14-380,380,f,Substation,f,DE14,9.383779699999996,53.3146738952528,DE
DE140-380,380,f,Substation,f,DE140,7.942134900000002,50.83695639421218,DE
DE141-380,380,f,Substation,f,DE141,6.323187901841849,50.83602329116607,DE
DE142-380,380,f,Substation,f,DE142,12.742504600000006,50.823208294205685,DE
DE143-380,380,f,Substation,f,DE143,7.929500899999997,50.81890659420363,DE
DE144-380,380,f,Substation,f,DE144,7.0586911,50.810155694199445,DE
DE145-220,220,f,Substation,f,DE145,8.044001700000008,50.78721689418857,DE
DE146-380,380,f,Substation,f,DE146,8.32094370000001,50.72948799416107,DE
DE147-380,380,f,Substation,f,DE147,7.911066904889611,50.72714050451631,DE
DE148-220,220,f,Substation,f,DE148,7.921593908421359,50.71402624752045,DE
DE148-380,380,f,Substation,f,DE148,7.921885680637826,50.714222269706745,DE
DE149-380,380,f,Substation,f,DE149,12.82597209999999,50.656844394126125,DE
DE15-220,220,f,Substation,f,DE15,8.872609900000006,53.18491079520469,DE
DE150-380,380,f,Substation,f,DE150,8.015175799656419,50.63921884447252,DE
DE151-220,220,f,Substation,f,DE151,11.473173138493124,50.60092147875248,DE
DE152-380,380,f,Substation,f,DE152,8.464794649112603,50.60065519440997,DE
DE153-380,380,f,Substation,f,DE153,7.074157799999995,50.59365769409558,DE
DE154-380,380,f,Substation,f,DE154,7.095084785048758,50.58369395978301,DE
DE155-380,380,f,Substation,f,DE155,7.5000685563369665,50.34548014620125,DE
DE156-380,380,f,Substation,f,DE156,8.123871700000004,50.30984999395615,DE
DE157-380,380,f,Substation,f,DE157,11.77528078716457,50.20809320931358,DE
DE158-380,380,f,Substation,f,DE158,11.673441800000012,50.19603029389925,DE
DE159-380,380,f,Substation,f,DE159,8.586284889936357,50.13518576683037,DE
DE16-220,220,f,Substation,f,DE16,13.966431464205426,53.17461519628457,DE
DE160-220,220,f,Substation,f,DE160,8.54267360000001,50.09608319384877,DE
DE161-380,380,f,Substation,f,DE161,8.492270955137096,50.08394191299407,DE
DE162-380,380,f,Substation,f,DE162,8.437251353153771,50.059823329409305,DE
DE163-220,220,f,Substation,f,DE163,10.196749100000014,50.028015193814085,DE
DE164-220,220,f,Substation,f,DE164,6.1941964,49.945266093771714,DE
DE165-380,380,f,Substation,f,DE165,8.673573990762977,49.94240518380396,DE
DE166-220,220,f,Substation,f,DE166,7.818220453198624,49.89198335451199,DE
DE167-380,380,f,Substation,f,DE167,6.512023599999998,49.88357789373983,DE
DE168-380,380,f,Substation,f,DE168,8.530958454372138,49.853147768513466,DE
DE169-220,220,f,Substation,f,DE169,9.567928599999997,49.82068279370719,DE
DE17-380,380,f,Substation,f,DE17,8.598541499999998,53.085914095167446,DE
DE170-380,380,f,Substation,f,DE170,6.7934258000000005,49.819266993706485,DE
DE171-220,220,f,Substation,f,DE171,7.792890699999999,49.81114489370225,DE
DE172-220,220,f,Substation,f,DE172,6.567516277452604,49.79945160670088,DE
DE172-380,380,f,Substation,f,DE172,6.5677970450014245,49.799651027081495,DE
DE173-220,220,f,Substation,f,DE173,6.5772128171996425,49.76943400223032,DE
DE174-220,220,f,Substation,f,DE174,8.392470699999999,49.56774289357407,DE
DE175-220,220,f,Substation,f,DE175,6.608589541699304,49.49156779825279,DE
DE176-220,220,f,Substation,f,DE176,8.689449300000009,49.33602339344944,DE
DE177-220,220,f,Substation,f,DE177,6.795921421673397,49.3346812478471,DE
DE178-380,380,f,Substation,f,DE178,8.628900499999997,49.333406893448,DE
DE179-220,220,f,Substation,f,DE179,9.0735161,49.31193539343632,DE
DE18-220,220,f,Substation,f,DE18,11.881079431940847,53.0832684852887,DE
DE18-380,380,f,Substation,f,DE18,11.881404168759818,53.08345409998995,DE
DE180-220,220,f,Substation,f,DE180,8.753029900000008,49.30962609343516,DE
DE181-380,380,f,Substation,f,DE181,8.670099300000002,49.30920229343483,DE
DE182-380,380,f,Substation,f,DE182,8.605843,49.16169079335401,DE
DE183-220,220,f,Substation,f,DE183,8.321627000000001,49.04169159328748,DE
DE184-380,380,f,Substation,f,DE184,9.084433400000014,48.95320199323796,DE
DE185-380,380,f,Substation,f,DE185,9.0757491,48.94575389323381,DE
DE186-380,380,f,Substation,f,DE186,8.821979499999996,48.93937229323025,DE
DE187-380,380,f,Substation,f,DE187,8.834209800000007,48.92815939322391,DE
DE188-380,380,f,Substation,f,DE188,9.3025725,48.88318119319853,DE
DE189-380,380,f,Substation,f,DE189,9.293608299999992,48.866349193189045,DE
DE19-380,380,f,Substation,f,DE19,12.012298350100128,53.06999993468651,DE
DE190-380,380,f,Substation,f,DE190,9.240364100000008,48.863234993187255,DE
DE191-380,380,f,Substation,f,DE191,9.339747700000004,48.84354569317607,DE
DE192-380,380,f,Substation,f,DE192,9.394077899999992,48.71817519310462,DE
DE193-380,380,f,Substation,f,DE193,9.403327700000004,48.71042649310026,DE
DE194-220,220,f,Substation,f,DE194,8.1001077,48.70706109309824,DE
DE195-380,380,f,Substation,f,DE195,9.421214407006266,48.675394659150975,DE
DE196-380,380,f,Substation,f,DE196,8.871814800000006,48.62833039305301,DE
DE197-380,380,f,Substation,f,DE197,9.350048555462116,48.60906050564282,DE
DE198-380,380,f,Substation,f,DE198,9.240195959076797,48.54315024620423,DE
DE199-380,380,f,Substation,f,DE199,9.218223099999994,48.53246029299748,DE
DE2-220,220,f,Substation,f,DE2,14.0307483,54.783070095753125,DE
DE20-380,380,f,Substation,f,DE20,7.184385349666274,52.75621644508972,DE
DE200-380,380,f,Substation,f,DE200,10.234677200000004,48.43467519294032,DE
DE201-220,220,f,Substation,f,DE201,12.865139100000006,48.32958149287843,DE
DE202-220,220,f,Substation,f,DE202,10.054533069019923,48.311093831843856,DE
DE202-380,380,f,Substation,f,DE202,10.054819131520368,48.31128454656972,DE
DE203-220,220,f,Substation,f,DE203,12.997148933909996,48.29457129802581,DE
DE204-220,220,f,Substation,f,DE204,13.06402677685504,48.29442831435997,DE
DE205-220,220,f,Substation,f,DE205,10.064779958538857,48.27253944347285,DE
DE205-380,380,f,Substation,f,DE205,10.065065841439525,48.27273013492908,DE
DE206-220,220,f,Substation,f,DE206,13.055761459215091,48.27020226512334,DE
DE207-380,380,f,Substation,f,DE207,8.627626158494797,48.05668046442978,DE
DE208-380,380,f,Substation,f,DE208,8.588787199999995,48.04535759270832,DE
DE209-380,380,f,Substation,f,DE209,8.5305556,47.91484819262888,DE
DE21-220,220,f,Substation,f,DE21,13.210344876918468,52.68001801809485,DE
DE211-220,220,f,Substation,f,DE211,11.304534899999997,47.65462729246806,DE
DE212-220,220,f,Substation,f,DE212,11.3365743,47.62954239245231,DE
DE213-380,380,f,Substation,f,DE213,7.995386199999997,47.57836749242024,DE
DE22-220,220,f,Substation,f,DE22,13.476256882761762,52.62953995587491,DE
DE22-380,380,f,Substation,f,DE22,13.47658491792345,52.629721228868696,DE
DE23-220,220,f,Substation,f,DE23,13.514687663256847,52.61931967881269,DE
DE23-380,380,f,Substation,f,DE23,13.515015780259755,52.61950084610143,DE
DE24-220,220,f,Substation,f,DE24,13.53345590337756,52.61919433466993,DE
DE24-380,380,f,Substation,f,DE24,13.533784097307294,52.61937545006107,DE
DE25-380,380,f,Substation,f,DE25,12.907673900000004,52.59692919497796,DE
DE26-380,380,f,Substation,f,DE26,13.6798066,52.58468839497303,DE
DE27-220,220,f,Substation,f,DE27,13.69435389815123,52.560387557993344,DE
DE27-380,380,f,Substation,f,DE27,13.694682311097775,52.56056823104892,DE
DE28-380,380,f,Substation,f,DE28,9.001267699999987,52.53951469495493,DE
DE29-220,220,f,Substation,f,DE29,11.768527620879372,52.50430071600865,DE
DE3-220,220,f,Substation,f,DE3,13.936199110012511,54.75831769723423,DE
DE30-220,220,f,Substation,f,DE30,8.401864309686182,52.49658070774699,DE
DE30-380,380,f,Substation,f,DE30,8.40216969098227,52.49677547687124,DE
DE31-380,380,f,Substation,f,DE31,7.4129489,52.4701047949272,DE
DE32-220,220,f,Substation,f,DE32,8.325695000000001,52.45700399492188,DE
DE33-380,380,f,Substation,f,DE33,8.3057941,52.43941219491475,DE
DE34-380,380,f,Substation,f,DE34,8.30848299999999,52.40315969490005,DE
DE35-220,220,f,Substation,f,DE35,8.297912629304594,52.38157647464085,DE
DE35-380,380,f,Substation,f,DE35,8.298216771359208,52.381771509839126,DE
DE36-220,220,f,Substation,f,DE36,10.18464390000001,52.305265494860215,DE
DE37-220,220,f,Substation,f,DE37,7.880745500000001,52.2656879948439,DE
DE38-220,220,f,Substation,f,DE38,8.112312600000005,52.24362339483483,DE
DE39-220,220,f,Substation,f,DE39,7.371973400000006,52.19769579481588,DE
DE4-220,220,f,Substation,f,DE4,10.204131200000008,54.3407326956108,DE
DE40-220,220,f,Substation,f,DE40,10.24758678286427,52.18899105169926,DE
DE41-380,380,f,Substation,f,DE41,7.381831,52.17897039480806,DE
DE42-220,220,f,Substation,f,DE42,8.211620500000004,52.17861839480798,DE
DE43-220,220,f,Substation,f,DE43,10.357135489726351,52.176049510366006,DE
DE44-380,380,f,Substation,f,DE44,10.976122900000004,52.16974479480431,DE
DE45-380,380,f,Substation,f,DE45,7.398618100000006,52.16873389480384,DE
DE46-380,380,f,Substation,f,DE46,14.511216499999996,52.16161529480087,DE
DE47-220,220,f,Substation,f,DE47,11.563276899999993,52.124147794785216,DE
DE49-380,380,f,Substation,f,DE49,9.41271527249918,52.02804270635611,DE
DE5-380,380,f,Substation,f,DE5,12.1304799,54.14085959554418,DE
DE50-380,380,f,Substation,f,DE50,6.967004700000009,52.00760219473637,DE
DE51-220,220,f,Substation,f,DE51,8.680718799999992,51.99684189473182,DE
DE52-220,220,f,Substation,f,DE52,8.629078399999985,51.9945208947308,DE
DE53-380,380,f,Substation,f,DE53,7.484673305520821,51.95615717503612,DE
DE54-380,380,f,Substation,f,DE54,6.945454899999993,51.92675029470207,DE
DE55-220,220,f,Substation,f,DE55,9.85241629999999,51.89876529469019,DE
DE56-380,380,f,Substation,f,DE56,7.637269099999995,51.88868729468584,DE
DE57-380,380,f,Substation,f,DE57,9.926370324367593,51.881993552449,DE
DE58-380,380,f,Substation,f,DE58,14.45775273344266,51.83403498473167,DE
DE59-220,220,f,Substation,f,DE59,9.852475300000002,51.81831119465564,DE
DE6-380,380,f,Substation,f,DE6,9.355730799999998,53.87834329545442,DE
DE60-220,220,f,Substation,f,DE60,9.875931200000007,51.764669394632485,DE
DE61-380,380,f,Substation,f,DE61,7.833887760914512,51.75348916138916,DE
DE62-220,220,f,Substation,f,DE62,6.52533728965271,51.75308878700897,DE
DE62-380,380,f,Substation,f,DE62,6.525629559756923,51.753288271209264,DE
DE63-220,220,f,Substation,f,DE63,8.7391058,51.70055739460472,DE
DE64-220,220,f,Substation,f,DE64,7.700869699999995,51.69036949460023,DE
DE65-380,380,f,Substation,f,DE65,7.6098655000000015,51.68884639459952,DE
DE66-220,220,f,Substation,f,DE66,6.85591237570751,51.67963525839918,DE
DE66-380,380,f,Substation,f,DE66,6.856205624925336,51.679833925205166,DE
DE67-220,220,f,Substation,f,DE67,6.669634143086209,51.67612267825752,DE
DE67-380,380,f,Substation,f,DE67,6.66992655894359,51.67632180650142,DE
DE68-220,220,f,Substation,f,DE68,7.456434435974102,51.66014680700699,DE
DE68-380,380,f,Substation,f,DE68,7.456730164660637,51.66034397656832,DE
DE69-220,220,f,Substation,f,DE69,7.36765610861443,51.62877255000522,DE
DE69-380,380,f,Substation,f,DE69,7.367951253449136,51.62896994231025,DE
DE7-220,220,f,Substation,f,DE7,9.459677499999998,53.8646574954497,DE
DE70-220,220,f,Substation,f,DE70,6.629761909674587,51.61427907310992,DE
DE70-380,380,f,Substation,f,DE70,6.630053763576091,51.614478300399696,DE
DE71-220,220,f,Substation,f,DE71,7.475849800000004,51.61382509456671,DE
DE72-220,220,f,Substation,f,DE72,7.343713399999998,51.61310499456639,DE
DE73-220,220,f,Substation,f,DE73,6.646240660261792,51.6070171984416,DE
DE73-380,380,f,Substation,f,DE73,6.646532540367632,51.60721638506907,DE
DE74-220,220,f,Substation,f,DE74,6.659488155160946,51.5994483147769,DE
DE74-380,380,f,Substation,f,DE74,6.659780045468268,51.5996474687237,DE
DE75-380,380,f,Substation,f,DE75,7.369900799999997,51.58694899455495,DE
DE76-380,380,f,Substation,f,DE76,6.929913725913345,51.56483614994612,DE
DE77-220,220,f,Substation,f,DE77,6.703760587789809,51.558300369301975,DE
DE77-380,380,f,Substation,f,DE77,6.704052412838204,51.55849941414412,DE
DE78-220,220,f,Substation,f,DE78,7.021038269084751,51.55608637634512,DE
DE79-220,220,f,Substation,f,DE79,6.650768450004166,51.55370064458376,DE
DE8-380,380,f,Substation,f,DE8,9.637989699999997,53.64264779537163,DE
DE80-220,220,f,Substation,f,DE80,7.134048217373065,51.55227497738623,DE
DE80-380,380,f,Substation,f,DE80,7.13434186775489,51.552472954014846,DE
DE81-220,220,f,Substation,f,DE81,7.109538699999998,51.550009294538654,DE
DE82-220,220,f,Substation,f,DE82,7.091648142029213,51.52622709714922,DE
DE83-220,220,f,Substation,f,DE83,6.812529400000006,51.52018529452543,DE
DE84-220,220,f,Substation,f,DE84,7.075377100000002,51.51772059452431,DE
DE85-380,380,f,Substation,f,DE85,7.737813771186357,51.51691364209624,DE
DE86-220,220,f,Substation,f,DE86,7.070513300000003,51.50830329452015,DE
DE87-220,220,f,Substation,f,DE87,7.147695502069386,51.50461117941968,DE
DE87-380,380,f,Substation,f,DE87,7.14798891069284,51.50480912267015,DE
DE88-380,380,f,Substation,f,DE88,7.700337700000002,51.49948239451621,DE
DE89-220,220,f,Substation,f,DE89,7.10416325241841,51.47847583973024,DE
DE89-380,380,f,Substation,f,DE89,7.1044563088784365,51.47867389177694,DE
DE9-380,380,f,Substation,f,DE9,12.613200122794142,53.58818421527744,DE
DE91-380,380,f,Substation,f,DE91,7.543041199999996,51.45318809449565,DE
DE92-220,220,f,Substation,f,DE92,6.8730102,51.44665699449267,DE
DE93-220,220,f,Substation,f,DE93,6.58358657533625,51.43798752408066,DE
DE94-380,380,f,Substation,f,DE94,8.667781600000001,51.4371487944884,DE
DE95-380,380,f,Substation,f,DE95,8.68409860000001,51.43504729448755,DE
DE96-220,220,f,Substation,f,DE96,7.427419383769192,51.4287130688324,DE
DE96-380,380,f,Substation,f,DE96,7.427713516633729,51.42891031458944,DE
DE97-220,220,f,Substation,f,DE97,6.576226399999997,51.42685629448382,DE
DE98-220,220,f,Substation,f,DE98,7.179217000000004,51.42182869448157,DE
DE99-380,380,f,Substation,f,DE99,14.570793898218746,51.41883343095936,DE
relation/17591073-220,220,f,Substation,f,relation/17591073,8.501973057602955,49.44497409306326,DE
way/1024536785-380,380,f,Substation,f,way/1024536785,6.460051330936087,50.211050222448506,DE
way/102743264-220,220,f,Substation,f,way/102743264,8.861525800282687,47.80643535131707,DE
way/1040551074-220,220,f,Substation,f,way/1040551074,6.674795346183732,51.32458160269695,DE
way/106096507-380,380,f,Substation,f,way/106096507,7.008732253549924,51.17417912714867,DE
way/1068350839-380,380,f,Substation,f,way/1068350839,14.000013753815317,51.64032199887833,DE
way/1071504343-380,380,f,Substation,f,way/1071504343,9.079249234605,54.51017868084723,DE
way/1072574879-380,380,f,Substation,f,way/1072574879,9.067687208188431,53.564228005556345,DE
way/1076001174-220,220,f,Substation,f,way/1076001174,7.171863999687969,51.55482307309387,DE
way/1076001174-380,380,f,Substation,f,way/1076001174,7.172157829494271,51.555020955429725,DE
way/1081302145-220,220,f,Substation,f,way/1081302145,13.003143724542651,50.86597787799949,DE
way/1086825107-220,220,f,Substation,f,way/1086825107,11.64567711351438,50.53473525961478,DE
way/1086825107-380,380,f,Substation,f,way/1086825107,11.645982906622782,50.53492162742023,DE
way/108797675-380,380,f,Substation,f,way/108797675,10.18788346664683,49.98122650165247,DE
way/1089769599-220,220,f,Substation,f,way/1089769599,9.20152592873676,53.89571897415103,DE
way/1089769599-380,380,f,Substation,f,way/1089769599,9.201844930872277,53.89591168253439,DE
way/1089911133-380,380,f,Substation,f,way/1089911133,10.413509948111887,53.413108680927664,DE
way/1091984573-220,220,f,Substation,f,way/1091984573,13.683262805267878,54.13879833040566,DE
way/1091984573-380,380,f,Substation,f,way/1091984573,13.683603720101306,54.13897896484881,DE
way/1093896544-380,380,f,Substation,f,way/1093896544,10.24951017150412,48.418370957925625,DE
way/1094015892-220,220,f,Substation,f,way/1094015892,12.18541275506207,53.81471057650946,DE
way/1094015892-380,380,f,Substation,f,way/1094015892,12.185744487521829,53.81489534644777,DE
way/109917397-380,380,f,Substation,f,way/109917397,13.255545109685997,50.93018648677051,DE
way/1102237380-220,220,f,Substation,f,way/1102237380,10.761397068292585,53.90951535976105,DE
way/1102237380-380,380,f,Substation,f,way/1102237380,10.76172322951341,53.90970396372464,DE
way/1104947187-380,380,f,Substation,f,way/1104947187,9.206994038758628,49.17769632929956,DE
way/1107961833-380,380,f,Substation,f,way/1107961833,9.50133744680694,53.84788750710035,DE
way/1118059105-220,220,f,Substation,f,way/1118059105,6.975772491612671,51.02876682655907,DE
way/111973179-220,220,f,Substation,f,way/111973179,7.591356548123666,51.92844335635369,DE
way/112695048-380,380,f,Substation,f,way/112695048,7.930744745822334,51.672975206392586,DE
way/1128250707-220,220,f,Substation,f,way/1128250707,8.052802725296793,53.33233868658312,DE
way/1128250707-380,380,f,Substation,f,way/1128250707,8.053112378153735,53.33253434495587,DE
way/11285720-380,380,f,Substation,f,way/11285720,9.90885037746738,53.48804855696669,DE
way/1134105414-380,380,f,Substation,f,way/1134105414,8.138367910931875,53.57496142694937,DE
way/113546939-220,220,f,Substation,f,way/113546939,7.125547389525033,51.448455218681815,DE
way/113546939-380,380,f,Substation,f,way/113546939,7.125840349521244,51.44865321789568,DE
way/114319248-220,220,f,Substation,f,way/114319248,7.8896571687789105,52.27775800910454,DE
way/114319248-380,380,f,Substation,f,way/114319248,7.889958821966037,52.2779540814447,DE
way/11500045-380,380,f,Substation,f,way/11500045,13.281034890922584,52.52654887146828,DE
way/1191459479-220,220,f,Substation,f,way/1191459479,10.63488498567601,53.92200756847268,DE
way/121199242-220,220,f,Substation,f,way/121199242,7.403229279750233,51.644363384823386,DE
way/121199242-380,380,f,Substation,f,way/121199242,7.403524677718103,51.644560687878446,DE
way/1222597066-220,220,f,Substation,f,way/1222597066,14.033784753990712,53.507619379859165,DE
way/1222597066-380,380,f,Substation,f,way/1222597066,14.034122007303402,53.50779906056135,DE
way/1223405794-220,220,f,Substation,f,way/1223405794,8.415647113048772,49.70576811141234,DE
way/1223405794-380,380,f,Substation,f,way/1223405794,8.415934845969547,49.70596292738156,DE
way/1245826064-380,380,f,Substation,f,way/1245826064,8.480729142456704,50.59137916300182,DE
way/1245867884-380,380,f,Substation,f,way/1245867884,8.285138301474717,50.7592781527965,DE
way/1280364401-380,380,f,Substation,f,way/1280364401,9.23549667584336,53.91689684452667,DE
way/1280840211-380,380,f,Substation,f,way/1280840211,7.309198551945082,53.12601854993507,DE
way/1303270458-220,220,f,Substation,f,way/1303270458,7.001962022098501,51.60464307928422,DE
way/1303270458-380,380,f,Substation,f,way/1303270458,7.002255431715896,51.604841384078064,DE
way/1327333163-220,220,f,Substation,f,way/1327333163,9.149181660921892,49.14276368369124,DE
way/1327333163-380,380,f,Substation,f,way/1327333163,9.149469011850291,49.14295666562008,DE
way/132814303-220,220,f,Substation,f,way/132814303,7.937855514656986,51.010403149552765,DE
way/133342285-220,220,f,Substation,f,way/133342285,11.807606344472733,48.455427538349504,DE
way/137602559-220,220,f,Substation,f,way/137602559,11.581224765806478,48.7648005364012,DE
way/137602559-380,380,f,Substation,f,way/137602559,11.581519225275748,48.76498721231573,DE
way/142487746-380,380,f,Substation,f,way/142487746,7.256366643129875,52.98131089142823,DE
way/143854536-380,380,f,Substation,f,way/143854536,9.694754661536512,49.23281224090502,DE
way/143882655-220,220,f,Substation,f,way/143882655,11.123181064221257,50.99877947054421,DE
way/143882655-380,380,f,Substation,f,way/143882655,11.123487827200282,50.998967201555374,DE
way/143903369-220,220,f,Substation,f,way/143903369,9.091691328276015,49.294522256104685,DE
way/143903369-380,380,f,Substation,f,way/143903369,9.091979337273438,49.29471537543994,DE
way/145002769-380,380,f,Substation,f,way/145002769,9.446918746865268,49.59026295042023,DE
way/145680894-220,220,f,Substation,f,way/145680894,6.620496332295623,49.7488739615675,DE
way/147521567-220,220,f,Substation,f,way/147521567,8.588451910796032,49.815536510476775,DE
way/147521567-380,380,f,Substation,f,way/147521567,8.588740987090649,49.81573088279795,DE
way/147878692-380,380,f,Substation,f,way/147878692,9.177560866166212,49.03790855469687,DE
way/148211527-380,380,f,Substation,f,way/148211527,11.47068588920338,50.93012903480283,DE
way/148446247-380,380,f,Substation,f,way/148446247,9.774001814818105,50.52880458510048,DE
way/149256409-380,380,f,Substation,f,way/149256409,10.991452515304426,50.573446654724535,DE
way/149987048-220,220,f,Substation,f,way/149987048,8.418757122394487,49.63347444077208,DE
way/149987048-380,380,f,Substation,f,way/149987048,8.419044443203846,49.633669252553965,DE
way/150200540-380,380,f,Substation,f,way/150200540,7.74679253649913,52.28851152127342,DE
way/150267232-220,220,f,Substation,f,way/150267232,6.967313993989331,51.49083877832332,DE
way/151507370-220,220,f,Substation,f,way/151507370,10.388472256242476,52.15136496261581,DE
way/151967290-220,220,f,Substation,f,way/151967290,6.474922428806658,49.92250896093144,DE
way/151967290-380,380,f,Substation,f,way/151967290,6.475203515011305,49.92270860430116,DE
way/151967291-220,220,f,Substation,f,way/151967291,6.70214470618502,49.82889489256458,DE
way/151967291-380,380,f,Substation,f,way/151967291,6.7024261941705525,49.82909398091896,DE
way/152018146-220,220,f,Substation,f,way/152018146,7.235652984225199,49.36929348419744,DE
way/152018146-380,380,f,Substation,f,way/152018146,7.2359340359459345,49.36949127343464,DE
way/152107815-380,380,f,Substation,f,way/152107815,7.729027558508323,49.482752689877664,DE
way/152219167-220,220,f,Substation,f,way/152219167,11.43398386299664,50.6527779884686,DE
way/152261133-220,220,f,Substation,f,way/152261133,8.312513113623043,49.00906119763348,DE
way/152261133-380,380,f,Substation,f,way/152261133,8.312796415198875,49.00925631269772,DE
way/152403632-220,220,f,Substation,f,way/152403632,7.86329862612571,50.76736166899457,DE
way/152403632-380,380,f,Substation,f,way/152403632,7.863590482842043,50.76755783629903,DE
way/152924498-220,220,f,Substation,f,way/152924498,8.352125271696119,49.421129031312944,DE
way/152924498-380,380,f,Substation,f,way/152924498,8.352411089303242,49.4213240228247,DE
way/152924508-220,220,f,Substation,f,way/152924508,8.408276097978817,49.528471878398186,DE
way/152973139-220,220,f,Substation,f,way/152973139,8.547215246318492,49.44011969229501,DE
way/152973139-380,380,f,Substation,f,way/152973139,8.547501950526247,49.440314189037146,DE
way/154869247-220,220,f,Substation,f,way/154869247,7.433486748781626,50.43651921788728,DE
way/156402422-220,220,f,Substation,f,way/156402422,7.319285796325711,49.30481780819802,DE
way/156673636-380,380,f,Substation,f,way/156673636,9.259455951709056,51.06130584507734,DE
way/156673637-220,220,f,Substation,f,way/156673637,12.045307776819802,50.78163603178655,DE
way/156673637-380,380,f,Substation,f,way/156673637,12.04561679678754,50.78182131293835,DE
way/156676050-220,220,f,Substation,f,way/156676050,8.663785195501678,49.36008425913823,DE
way/156960655-380,380,f,Substation,f,way/156960655,9.513838061374903,51.25896964850193,DE
way/156973363-220,220,f,Substation,f,way/156973363,7.1959793712515285,51.41157533018571,DE
way/157164284-220,220,f,Substation,f,way/157164284,10.734669456407252,51.44018679623065,DE
way/157328339-380,380,f,Substation,f,way/157328339,13.383333777791576,51.35560746005736,DE
way/157421333-220,220,f,Substation,f,way/157421333,8.147733717716365,53.5635333670262,DE
way/157628351-380,380,f,Substation,f,way/157628351,7.618669072479607,51.63768206147348,DE
way/157806991-380,380,f,Substation,f,way/157806991,14.508109317786984,51.41370094812832,DE
way/159326655-220,220,f,Substation,f,way/159326655,9.0761294381784,49.36342154160119,DE
way/160584794-380,380,f,Substation,f,way/160584794,7.592714779992661,50.38599287550121,DE
way/160929097-220,220,f,Substation,f,way/160929097,8.626969764006954,49.54353540028308,DE
way/166604822-380,380,f,Substation,f,way/166604822,12.881228068787038,50.51863356616396,DE
way/167352587-220,220,f,Substation,f,way/167352587,12.242788313380755,50.568421687908,DE
way/169244940-220,220,f,Substation,f,way/169244940,8.531376244858448,50.04778978784333,DE
way/169244940-380,380,f,Substation,f,way/169244940,8.53166647784643,50.04798429391028,DE
way/170123812-220,220,f,Substation,f,way/170123812,14.267407259596864,53.09817169240826,DE
way/170123812-380,380,f,Substation,f,way/170123812,14.267664825533435,53.09799724315982,DE
way/170123812-400,400,f,Substation,f,way/170123812,14.267787266385485,53.09821875313808,DE
way/172997498-220,220,f,Substation,f,way/172997498,9.567102057026952,51.3252573545358,DE
way/173112252-220,220,f,Substation,f,way/173112252,12.477264700803907,50.75311281560363,DE
way/18629425-220,220,f,Substation,f,way/18629425,11.368981916800742,48.2913480881823,DE
way/18629425-380,380,f,Substation,f,way/18629425,11.369272792212438,48.29153536930704,DE
way/188276460-220,220,f,Substation,f,way/188276460,6.672184572203026,50.99137102948918,DE
way/188276460-380,380,f,Substation,f,way/188276460,6.672472769831356,50.99157016017998,DE
way/198448981-380,380,f,Substation,f,way/198448981,7.815754664339917,49.92208094476316,DE
way/202164315-380,380,f,Substation,f,way/202164315,8.996208223161357,52.379588021876735,DE
way/202747445-380,380,f,Substation,f,way/202747445,8.656572112049453,50.60573985046997,DE
way/202865176-220,220,f,Substation,f,way/202865176,7.957521333495962,47.57217929668919,DE
way/202865177-380,380,f,Substation,f,way/202865177,7.936940560959057,47.64911347678937,DE
way/206289192-380,380,f,Substation,f,way/206289192,7.278357332023155,52.75340858143505,DE
way/207248812-220,220,f,Substation,f,way/207248812,8.623062961829858,49.3564846936787,DE
way/207248812-380,380,f,Substation,f,way/207248812,8.623349481095335,49.356679002773895,DE
way/207756597-220,220,f,Substation,f,way/207756597,7.032657753363157,49.33473734689304,DE
way/22690852-220,220,f,Substation,f,way/22690852,6.851690337743983,50.984146943668335,DE
way/22720647-220,220,f,Substation,f,way/22720647,9.983898064491934,53.74138374276608,DE
way/22720647-380,380,f,Substation,f,way/22720647,9.984219444773396,53.74157440569113,DE
way/22761692-220,220,f,Substation,f,way/22761692,6.934775126063534,51.03343921283143,DE
way/22761692-380,380,f,Substation,f,way/22761692,6.935064698368453,51.033637693113306,DE
way/22761839-220,220,f,Substation,f,way/22761839,6.9658132657507625,51.06985375299647,DE
way/22761839-380,380,f,Substation,f,way/22761839,6.966103193109546,51.07005215559549,DE
way/22765517-220,220,f,Substation,f,way/22765517,6.842506636148699,50.86343916245955,DE
way/22765517-380,380,f,Substation,f,way/22765517,6.842794783285235,50.86363787473936,DE
way/22766160-220,220,f,Substation,f,way/22766160,6.972467242058264,50.79556424087326,DE
way/22766160-380,380,f,Substation,f,way/22766160,6.972755528844659,50.79576263275344,DE
way/22767509-220,220,f,Substation,f,way/22767509,7.190814755258277,50.79946372342493,DE
way/22767509-380,380,f,Substation,f,way/22767509,7.19110398660989,50.79966157282318,DE
way/22796434-220,220,f,Substation,f,way/22796434,7.095822761148531,50.82688896247899,DE
way/22944791-220,220,f,Substation,f,way/22944791,7.037623310847899,51.59853649930433,DE
way/229565743-220,220,f,Substation,f,way/229565743,8.819981718654256,53.10732045334518,DE
way/22960899-380,380,f,Substation,f,way/22960899,9.215669837296373,48.85230554925784,DE
way/22964137-380,380,f,Substation,f,way/22964137,7.417193939348775,51.45732045507092,DE
way/22973052-220,220,f,Substation,f,way/22973052,13.506129004753983,52.47382873814669,DE
way/22973070-220,220,f,Substation,f,way/22973070,13.524068399750488,52.53559308428179,DE
way/22973070-380,380,f,Substation,f,way/22973070,13.524395920363094,52.53577423008407,DE
way/23022100-220,220,f,Substation,f,way/23022100,7.023072417794302,51.62557304926317,DE
way/23022100-380,380,f,Substation,f,way/23022100,7.023366051180674,51.62577130132413,DE
way/23067006-380,380,f,Substation,f,way/23067006,7.123239073080638,51.52561160476901,DE
way/23084417-220,220,f,Substation,f,way/23084417,6.221831906693901,51.69464227915262,DE
way/23084554-220,220,f,Substation,f,way/23084554,6.804405884566871,50.966148285378125,DE
way/23084554-380,380,f,Substation,f,way/23084554,6.804694492178864,50.96634708983406,DE
way/23135618-220,220,f,Substation,f,way/23135618,8.959009458513437,52.27852955596043,DE
way/23140544-220,220,f,Substation,f,way/23140544,6.8469968887412325,51.20556805250696,DE
way/23161029-220,220,f,Substation,f,way/23161029,12.469651180940044,51.371671826497554,DE
way/23192640-220,220,f,Substation,f,way/23192640,6.828052637569663,51.16264600000024,DE
way/23284340-220,220,f,Substation,f,way/23284340,8.77205198412641,49.97440051774811,DE
way/23284340-380,380,f,Substation,f,way/23284340,8.772342749335769,49.974594415153184,DE
way/23380800-220,220,f,Substation,f,way/23380800,6.617056485555874,51.47573851718446,DE
way/23380800-380,380,f,Substation,f,way/23380800,6.617347419706488,51.47593777712947,DE
way/234171369-380,380,f,Substation,f,way/234171369,11.698819858775476,53.57199721180325,DE
way/23583867-380,380,f,Substation,f,way/23583867,10.159477038013216,53.55537457814039,DE
way/23641079-220,220,f,Substation,f,way/23641079,8.537073862147682,50.07798781871916,DE
way/23641079-380,380,f,Substation,f,way/23641079,8.537364299753508,50.078182308932,DE
way/23682013-220,220,f,Substation,f,way/23682013,9.522576024508624,52.36040908512162,DE
way/23744346-220,220,f,Substation,f,way/23744346,8.122640297077606,53.56051734944005,DE
way/23816140-220,220,f,Substation,f,way/23816140,9.821583884691744,52.4248552865785,DE
way/23881272-220,220,f,Substation,f,way/23881272,8.87300666700322,50.13085458454156,DE
way/23899043-380,380,f,Substation,f,way/23899043,9.917180764729563,52.27818419618941,DE
way/23907283-380,380,f,Substation,f,way/23907283,11.44077944972222,48.17180538750021,DE
way/24042358-380,380,f,Substation,f,way/24042358,8.809949176088399,50.20356236560504,DE
way/24158385-220,220,f,Substation,f,way/24158385,11.813244370790038,48.22126388625315,DE
way/24230738-380,380,f,Substation,f,way/24230738,8.571446961317102,52.10524366580778,DE
way/24237879-220,220,f,Substation,f,way/24237879,11.293842910993396,48.0518720309134,DE
way/24258096-380,380,f,Substation,f,way/24258096,10.761248352103191,52.36745365355064,DE
way/24262656-220,220,f,Substation,f,way/24262656,10.36615998645198,52.28434370777686,DE
way/24262656-380,380,f,Substation,f,way/24262656,10.366472399930494,52.28453338731808,DE
way/24267175-220,220,f,Substation,f,way/24267175,6.570017437725961,51.04907860246939,DE
way/24268944-380,380,f,Substation,f,way/24268944,6.167365723311648,50.80206450387504,DE
way/24272339-380,380,f,Substation,f,way/24272339,10.235863187310532,52.29345956985837,DE
way/24272541-220,220,f,Substation,f,way/24272541,10.5054564634614,52.30173188467604,DE
way/24280460-380,380,f,Substation,f,way/24280460,6.906604098227101,51.56523580041145,DE
way/24413992-380,380,f,Substation,f,way/24413992,9.390175331594367,52.02668689702674,DE
way/24414688-220,220,f,Substation,f,way/24414688,7.522334580571122,51.532171545586685,DE
way/24415232-220,220,f,Substation,f,way/24415232,7.445069340017914,51.61850011771325,DE
way/24462228-220,220,f,Substation,f,way/24462228,6.577316926906171,51.55644037586852,DE
way/24462317-220,220,f,Substation,f,way/24462317,6.6142785900859735,51.61867882378479,DE
way/24462426-220,220,f,Substation,f,way/24462426,6.680644971696814,51.646227074294856,DE
way/24462426-380,380,f,Substation,f,way/24462426,6.680937247547373,51.6464261755393,DE
way/24478889-220,220,f,Substation,f,way/24478889,6.7150516220873655,51.52670854016085,DE
way/24478889-380,380,f,Substation,f,way/24478889,6.715343298608222,51.52690755738263,DE
way/24479003-220,220,f,Substation,f,way/24479003,6.682961103611969,51.57554597287283,DE
way/24479003-380,380,f,Substation,f,way/24479003,6.683252946265152,51.57574506899593,DE
way/24479984-220,220,f,Substation,f,way/24479984,6.656590008261609,51.37942407528882,DE
way/24479984-380,380,f,Substation,f,way/24479984,6.656880516002925,51.37962323866013,DE
way/24493551-380,380,f,Substation,f,way/24493551,8.565213686954571,53.03210780214759,DE
way/24502420-380,380,f,Substation,f,way/24502420,9.501948887707432,53.54291061887957,DE
way/24604789-380,380,f,Substation,f,way/24604789,8.93969257409092,52.40303325117011,DE
way/24667346-220,220,f,Substation,f,way/24667346,7.505835804937845,51.40150823482382,DE
way/24667346-380,380,f,Substation,f,way/24667346,7.50613010202603,51.4017052846354,DE
way/24685992-380,380,f,Substation,f,way/24685992,8.389618633233399,49.98247934342442,DE
way/24705761-220,220,f,Substation,f,way/24705761,10.843144210108282,49.38042772717735,DE
way/24705761-380,380,f,Substation,f,way/24705761,10.84343956479682,49.38061630102991,DE
way/24757392-380,380,f,Substation,f,way/24757392,11.193124206311712,50.16204719462179,DE
way/24757393-380,380,f,Substation,f,way/24757393,11.10679443744148,49.978812939642886,DE
way/24757833-380,380,f,Substation,f,way/24757833,10.836015791876946,49.92806742190597,DE
way/24758329-380,380,f,Substation,f,way/24758329,10.664447321516926,49.9800385080144,DE
way/24759324-220,220,f,Substation,f,way/24759324,11.792399547301404,48.838070822405,DE
way/24765111-220,220,f,Substation,f,way/24765111,9.594319337505578,49.79842592037247,DE
way/24768051-220,220,f,Substation,f,way/24768051,11.507605245300777,48.76103716392124,DE
way/24799890-220,220,f,Substation,f,way/24799890,6.625765506960805,51.2604707141444,DE
way/24799890-380,380,f,Substation,f,way/24799890,6.626055148263492,51.2606699551488,DE
way/24815262-220,220,f,Substation,f,way/24815262,6.329842353793845,51.24283354822755,DE
way/24839976-220,220,f,Substation,f,way/24839976,6.700130187899264,51.0086314750838,DE
way/24839976-380,380,f,Substation,f,way/24839976,6.700418609395516,51.00883053646955,DE
way/24858617-220,220,f,Substation,f,way/24858617,7.500061795626713,51.5351741277797,DE
way/24921206-220,220,f,Substation,f,way/24921206,6.925760167709982,51.49887693342316,DE
way/24921206-380,380,f,Substation,f,way/24921206,6.926052582180232,51.49907542876908,DE
way/24976300-220,220,f,Substation,f,way/24976300,13.103017554754276,48.666731652347416,DE
way/24976300-380,380,f,Substation,f,way/24976300,13.103317088821612,48.66691425654112,DE
way/25043127-380,380,f,Substation,f,way/25043127,6.868066103904171,51.374522984818135,DE
way/25044557-380,380,f,Substation,f,way/25044557,6.808906285500997,51.2686076326866,DE
way/25051880-220,220,f,Substation,f,way/25051880,7.037017969502279,51.54073746206665,DE
way/25306752-220,220,f,Substation,f,way/25306752,9.42482717258167,48.06440952873783,DE
way/25306752-380,380,f,Substation,f,way/25306752,9.425109477238074,48.064601884652255,DE
way/25306938-380,380,f,Substation,f,way/25306938,9.77599214193946,53.69067042056347,DE
way/25426571-380,380,f,Substation,f,way/25426571,6.300916717121694,50.82893922741748,DE
way/254326606-380,380,f,Substation,f,way/254326606,8.562150805820226,49.13289755018639,DE
way/25506770-380,380,f,Substation,f,way/25506770,7.545853770720948,51.970334311828445,DE
way/25746125-380,380,f,Substation,f,way/25746125,11.004926189603314,50.50743514446112,DE
way/25786404-220,220,f,Substation,f,way/25786404,9.195241647056314,48.91308701256097,DE
way/25786404-380,380,f,Substation,f,way/25786404,9.195527851851416,48.91327989193561,DE
way/25943440-220,220,f,Substation,f,way/25943440,8.702067695352271,51.7362555889429,DE
way/25943440-380,380,f,Substation,f,way/25943440,8.702369269253087,51.73644960230466,DE
way/259561755-380,380,f,Substation,f,way/259561755,8.308327735892558,49.25702357112737,DE
way/25992879-380,380,f,Substation,f,way/25992879,6.216243931653481,50.91228225124082,DE
way/26245195-220,220,f,Substation,f,way/26245195,11.867261281617411,48.20669868489758,DE
way/26245195-380,380,f,Substation,f,way/26245195,11.867553509098414,48.20688465422294,DE
way/26260052-380,380,f,Substation,f,way/26260052,9.400581856386772,48.66696738609978,DE
way/26291794-380,380,f,Substation,f,way/26291794,6.948210990044533,51.444575896592326,DE
way/26383042-380,380,f,Substation,f,way/26383042,8.364229625652312,51.927122411019184,DE
way/26403575-380,380,f,Substation,f,way/26403575,9.562823506931236,48.701489858070346,DE
way/26404600-380,380,f,Substation,f,way/26404600,9.70421890582062,48.46497565989824,DE
way/26455019-220,220,f,Substation,f,way/26455019,8.085642767080383,53.60587358993545,DE
way/26472665-220,220,f,Substation,f,way/26472665,11.638988850697912,52.26887673668873,DE
way/26472665-380,380,f,Substation,f,way/26472665,11.639306541498968,52.26906303197098,DE
way/26474759-380,380,f,Substation,f,way/26474759,10.999333061096806,52.20014202444661,DE
way/26593935-380,380,f,Substation,f,way/26593935,6.488123297115356,50.88107033480517,DE
way/266684854-380,380,f,Substation,f,way/266684854,8.515550623174152,53.20389080573999,DE
way/26777313-380,380,f,Substation,f,way/26777313,7.136879004492492,50.64282431416769,DE
way/26814283-380,380,f,Substation,f,way/26814283,8.785153763414616,48.58362174715561,DE
way/26927264-380,380,f,Substation,f,way/26927264,6.596019862446652,50.952527478062265,DE
way/27124619-220,220,f,Substation,f,way/27124619,10.156300460094442,54.27555574340002,DE
way/27149550-220,220,f,Substation,f,way/27149550,12.941900134046664,52.56383005508657,DE
way/27149550-380,380,f,Substation,f,way/27149550,12.942225448309555,52.56401280219487,DE
way/274603394-380,380,f,Substation,f,way/274603394,12.087779430283222,53.25095076596475,DE
way/274621059-220,220,f,Substation,f,way/274621059,10.087648400762248,52.31512697242764,DE
way/274630377-220,220,f,Substation,f,way/274630377,9.387884903486867,51.640596774716734,DE
way/274630377-380,380,f,Substation,f,way/274630377,9.388188756547084,51.64078902587111,DE
way/275138524-380,380,f,Substation,f,way/275138524,7.338924018034489,51.63214368471395,DE
way/275466323,450,t,Substation,f,way/275466323,10.80243095002194,53.8961375941516,DE
way/275466323-380,380,f,Substation,f,way/275466323,10.802357662207688,53.8966300284976,DE
way/27646106-220,220,f,Substation,f,way/27646106,10.060406852791356,54.34876747885035,DE
way/27739871-220,220,f,Substation,f,way/27739871,9.125111302889538,52.53816758798548,DE
way/27739871-380,380,f,Substation,f,way/27739871,9.125420138010448,52.538360499310926,DE
way/27871140-220,220,f,Substation,f,way/27871140,7.023262091390894,50.99905997547932,DE
way/27919734-220,220,f,Substation,f,way/27919734,6.709604174533747,51.09083205836205,DE
way/27919734-380,380,f,Substation,f,way/27919734,6.709893136761512,51.091031094917184,DE
way/28008024-220,220,f,Substation,f,way/28008024,9.988094230320591,53.76598619297865,DE
way/28227099-220,220,f,Substation,f,way/28227099,10.36923014876874,52.1670924399891,DE
way/28327356-380,380,f,Substation,f,way/28327356,10.378735217284763,53.21943222648832,DE
way/28343121-380,380,f,Substation,f,way/28343121,10.381345300295038,52.99351221015623,DE
way/28397771-220,220,f,Substation,f,way/28397771,8.932917792731104,52.19303959188773,DE
way/28452784-220,220,f,Substation,f,way/28452784,7.264002431023989,51.573566780954046,DE
way/28613721-380,380,f,Substation,f,way/28613721,10.972844876696104,49.5584265767146,DE
way/28729619-380,380,f,Substation,f,way/28729619,13.157894189489998,51.82827155467186,DE
way/28812249-220,220,f,Substation,f,way/28812249,9.145128129230104,52.85278465718918,DE
way/288305056-220,220,f,Substation,f,way/288305056,8.81400772229613,51.98343832315761,DE
way/28956649-220,220,f,Substation,f,way/28956649,12.082015523391554,49.29675710440053,DE
way/28956649-380,380,f,Substation,f,way/28956649,12.082315115907592,49.29694239923617,DE
way/289836713-380,380,f,Substation,f,way/289836713,9.109146108513473,53.97210002984149,DE
way/29077623-220,220,f,Substation,f,way/29077623,7.060074434436578,51.69629856142431,DE
way/29077623-380,380,f,Substation,f,way/29077623,7.060368676767963,51.6964967206602,DE
way/29084374-220,220,f,Substation,f,way/29084374,12.113781101578391,49.63094486971026,DE
way/29084374-380,380,f,Substation,f,way/29084374,12.114082906402942,49.631130051358056,DE
way/29309786-380,380,f,Substation,f,way/29309786,9.745926128912268,50.917625710139,DE
way/29331499-220,220,f,Substation,f,way/29331499,13.30622544406894,52.23029534491634,DE
way/29331499-380,380,f,Substation,f,way/29331499,13.306549778989822,52.2304771084542,DE
way/29374542-220,220,f,Substation,f,way/29374542,7.047357687053772,50.90555951993576,DE
way/29417741-220,220,f,Substation,f,way/29417741,12.150406238550753,49.0127518464562,DE
way/29420322-220,220,f,Substation,f,way/29420322,8.060047642033348,53.62014545374532,DE
way/29472852-220,220,f,Substation,f,way/29472852,7.725545321459688,52.27708825492332,DE
way/29472852-380,380,f,Substation,f,way/29472852,7.725846249560979,52.27728474178241,DE
way/29713902-380,380,f,Substation,f,way/29713902,11.894609633717703,51.406527812073605,DE
way/30017786-220,220,f,Substation,f,way/30017786,10.41954069453502,52.23696069719784,DE
way/30039908-220,220,f,Substation,f,way/30039908,13.9566590977994,53.25228507109641,DE
way/30039908-380,380,f,Substation,f,way/30039908,13.956993981507354,53.25246497907901,DE
way/30040568-380,380,f,Substation,f,way/30040568,11.37062303342438,53.60070410551784,DE
way/30109913-220,220,f,Substation,f,way/30109913,9.79733619508852,52.00083921228121,DE
way/30132758-380,380,f,Substation,f,way/30132758,13.211537101839188,52.580651664661794,DE
way/30164703-380,380,f,Substation,f,way/30164703,14.472074002975514,51.553898007401344,DE
way/30303506-380,380,f,Substation,f,way/30303506,13.368653477773348,52.50314750997878,DE
way/30309989-220,220,f,Substation,f,way/30309989,13.206240632408042,52.65720910249913,DE
way/30613895-380,380,f,Substation,f,way/30613895,10.840648221309223,48.237958976144135,DE
way/30734324-380,380,f,Substation,f,way/30734324,9.27431382024144,48.549862972007055,DE
way/30954714-380,380,f,Substation,f,way/30954714,13.456433134398033,52.52145796226137,DE
way/31024391-220,220,f,Substation,f,way/31024391,8.070406974282937,53.55844116841151,DE
way/31024391-380,380,f,Substation,f,way/31024391,8.070718326697884,53.55863678399098,DE
way/31105067-380,380,f,Substation,f,way/31105067,10.231553884812875,48.52982412197754,DE
way/31131320-220,220,f,Substation,f,way/31131320,9.801191130988355,47.65252536996891,DE
way/31131320-380,380,f,Substation,f,way/31131320,9.801472583953686,47.65271679595244,DE
way/31131325-380,380,f,Substation,f,way/31131325,9.645341074037018,47.744597490067015,DE
way/311444691-380,380,f,Substation,f,way/311444691,6.836896918668561,51.78318822397019,DE
way/311444692-380,380,f,Substation,f,way/311444692,6.803224041439821,51.76025564468287,DE
way/31367936-220,220,f,Substation,f,way/31367936,9.012744535798026,47.84464189002784,DE
way/31367940-220,220,f,Substation,f,way/31367940,8.259373954336946,47.633951639550624,DE
way/31367940-380,380,f,Substation,f,way/31367940,8.25964953694769,47.63414698492085,DE
way/31653753-380,380,f,Substation,f,way/31653753,9.944479699649564,49.57833786496837,DE
way/31762305-220,220,f,Substation,f,way/31762305,6.772521027180495,51.14710318944061,DE
way/32042992-380,380,f,Substation,f,way/32042992,7.254656898865596,53.02667164925259,DE
way/32063539-380,380,f,Substation,f,way/32063539,12.21424637923738,54.09986692528236,DE
way/32076853-220,220,f,Substation,f,way/32076853,8.474556624298472,53.42828171086339,DE
way/32076853-380,380,f,Substation,f,way/32076853,8.474868876155885,53.42847629268782,DE
way/32148946-220,220,f,Substation,f,way/32148946,6.96333353368254,50.833594081217626,DE
way/32151621-220,220,f,Substation,f,way/32151621,8.248770036220083,48.84633442696495,DE
way/32318130-220,220,f,Substation,f,way/32318130,12.213553770371767,54.1119873972802,DE
way/32472806-380,380,f,Substation,f,way/32472806,7.353019668665038,51.57582113711641,DE
way/32690742-380,380,f,Substation,f,way/32690742,11.516390612144312,51.58393921425749,DE
way/32725957-220,220,f,Substation,f,way/32725957,8.445537989375484,48.986089268091135,DE
way/32725958-220,220,f,Substation,f,way/32725958,8.451616369639437,49.0073965238021,DE
way/32731290-220,220,f,Substation,f,way/32731290,8.349126154169696,49.01305215402152,DE
way/32843531-220,220,f,Substation,f,way/32843531,12.51818668041147,51.156768835206,DE
way/32843531-380,380,f,Substation,f,way/32843531,12.51850013990533,51.156952815696044,DE
way/32904794-380,380,f,Substation,f,way/32904794,8.403502364348608,52.6090760076693,DE
way/32966636-220,220,f,Substation,f,way/32966636,8.641463986227519,48.89000858904742,DE
way/33042984-220,220,f,Substation,f,way/33042984,9.918175977705287,52.38000536437286,DE
way/33169401-220,220,f,Substation,f,way/33169401,11.727347882960428,52.56854876049531,DE
way/33169401-380,380,f,Substation,f,way/33169401,11.727668125737464,52.56873480688284,DE
way/33411203-220,220,f,Substation,f,way/33411203,8.307803274103774,52.345692512787096,DE
way/33411203-380,380,f,Substation,f,way/33411203,8.308107216390052,52.3458875231282,DE
way/33816726-380,380,f,Substation,f,way/33816726,7.123079433668647,51.17158511213136,DE
way/35176751-220,220,f,Substation,f,way/35176751,9.725769966766816,54.28768537996003,DE
way/35176751-380,380,f,Substation,f,way/35176751,9.72609436949596,54.28787672220172,DE
way/35763480-220,220,f,Substation,f,way/35763480,7.312586668481847,51.44651376705882,DE
way/35763480-380,380,f,Substation,f,way/35763480,7.312880420719178,51.4467112997114,DE
way/35818134-220,220,f,Substation,f,way/35818134,6.7322042598529,51.45913666998606,DE
way/35818137-220,220,f,Substation,f,way/35818137,6.722615241580755,51.47980957252528,DE
way/35954395-380,380,f,Substation,f,way/35954395,8.616630264356912,48.06578600999691,DE
way/36183042-380,380,f,Substation,f,way/36183042,12.78925493253099,50.62720601987213,DE
way/373967500-380,380,f,Substation,f,way/373967500,7.692541930829492,50.02621584384559,DE
way/37554416-220,220,f,Substation,f,way/37554416,6.787529941087601,51.50554943500967,DE
way/37721677-380,380,f,Substation,f,way/37721677,9.371071127603113,48.71909753732808,DE
way/37764852-220,220,f,Substation,f,way/37764852,8.104490340920982,52.265004208286,DE
way/37764852-380,380,f,Substation,f,way/37764852,8.104792849883166,52.26519973639543,DE
way/38325076-380,380,f,Substation,f,way/38325076,10.222435058396446,48.73672307648733,DE
way/38584673-220,220,f,Substation,f,way/38584673,7.031638576243979,51.609356711313005,DE
way/38661452-380,380,f,Substation,f,way/38661452,8.471763431415166,50.097320202036045,DE
way/39011884-220,220,f,Substation,f,way/39011884,8.120596020539068,48.70536874508457,DE
way/39229429-380,380,f,Substation,f,way/39229429,8.318706071355793,52.06602484399435,DE
way/395847307-220,220,f,Substation,f,way/395847307,7.449470638211751,50.402203458831615,DE
way/395847307-380,380,f,Substation,f,way/395847307,7.449758557919901,50.40240067490616,DE
way/39688875-220,220,f,Substation,f,way/39688875,13.399864301862625,53.79444806107953,DE
way/398680313-380,380,f,Substation,f,way/398680313,13.058550666866628,51.79996902952151,DE
way/40621568-220,220,f,Substation,f,way/40621568,12.499412538364751,52.40541595629645,DE
way/409305507-220,220,f,Substation,f,way/409305507,8.511617682215086,49.29346967467265,DE
way/41072584-380,380,f,Substation,f,way/41072584,9.050634438603108,51.16752764687584,DE
way/41232144-380,380,f,Substation,f,way/41232144,8.99287061951395,51.34301145915106,DE
way/41334805-220,220,f,Substation,f,way/41334805,9.20462466643045,49.042172480952495,DE
way/41334805-380,380,f,Substation,f,way/41334805,9.20491165133538,49.04236532764053,DE
way/41389594-220,220,f,Substation,f,way/41389594,9.885489094196885,48.30409905725844,DE
way/41389594-380,380,f,Substation,f,way/41389594,9.885774478164793,48.30429020935767,DE
way/414169327-380,380,f,Substation,f,way/414169327,14.133280672247922,52.44278469921132,DE
way/42049947-380,380,f,Substation,f,way/42049947,8.465429840622079,48.04352364832577,DE
way/42050342-220,220,f,Substation,f,way/42050342,10.11694163977033,48.89713469642625,DE
way/42050342-380,380,f,Substation,f,way/42050342,10.117231312981676,48.89732520273444,DE
way/42097854-220,220,f,Substation,f,way/42097854,6.813543603624129,49.72473475189432,DE
way/42097854-380,380,f,Substation,f,way/42097854,6.813824954948638,49.72493356973103,DE
way/42372159-380,380,f,Substation,f,way/42372159,8.989507369428189,50.06027980282049,DE
way/42410916-220,220,f,Substation,f,way/42410916,8.958562441955834,50.08251107708548,DE
way/42410916-380,380,f,Substation,f,way/42410916,8.958854613206562,50.0827044931374,DE
way/42423415-380,380,f,Substation,f,way/42423415,7.012926971279682,50.61749276396209,DE
way/42488850-380,380,f,Substation,f,way/42488850,7.992887365544153,51.68370770952345,DE
way/42507488-220,220,f,Substation,f,way/42507488,7.708584984920167,51.67679337314294,DE
way/42507488-380,380,f,Substation,f,way/42507488,7.70888190846567,51.676989909162295,DE
way/425100082-380,380,f,Substation,f,way/425100082,7.460831884420005,51.61459437322248,DE
way/42560068-380,380,f,Substation,f,way/42560068,7.993959171267585,51.82309544604062,DE
way/42681484-380,380,f,Substation,f,way/42681484,9.228110002957024,51.81245299445064,DE
way/42736239-380,380,f,Substation,f,way/42736239,8.872879118794632,48.31008719816768,DE
way/42797575-380,380,f,Substation,f,way/42797575,8.624637449685912,51.42793260741316,DE
way/42799487-380,380,f,Substation,f,way/42799487,8.21142216482372,51.17791259741919,DE
way/42809973-380,380,f,Substation,f,way/42809973,7.718581301274729,51.53421023862099,DE
way/42861703-220,220,f,Substation,f,way/42861703,7.606967219972308,51.89850623068732,DE
way/42861703-380,380,f,Substation,f,way/42861703,7.607265138504989,51.89870301943285,DE
way/42872354-220,220,f,Substation,f,way/42872354,8.408969723289056,53.19024535214111,DE
way/43163132-380,380,f,Substation,f,way/43163132,13.24903034439877,52.53162509895262,DE
way/43688805-220,220,f,Substation,f,way/43688805,9.043128694096533,48.90284199611713,DE
way/43688805-380,380,f,Substation,f,way/43688805,9.04341424895824,48.90303526470619,DE
way/442199284-380,380,f,Substation,f,way/442199284,12.337422940897197,51.196968369725774,DE
way/44717036-380,380,f,Substation,f,way/44717036,8.695160802207715,53.09253612471949,DE
way/449010725-380,380,f,Substation,f,way/449010725,9.313593240733372,54.72824960158401,DE
way/456386244-380,380,f,Substation,f,way/456386244,9.58527840484018,51.331375237473225,DE
way/46584363-220,220,f,Substation,f,way/46584363,8.673793252638186,49.29030987540685,DE
way/46584363-380,380,f,Substation,f,way/46584363,8.67407958908869,49.29050405957508,DE
way/46615737-380,380,f,Substation,f,way/46615737,13.315523962737506,52.52198670028964,DE
way/48057110-380,380,f,Substation,f,way/48057110,8.440960258893508,49.25023566305073,DE
way/4826893-220,220,f,Substation,f,way/4826893,8.735218941326291,50.15914337888882,DE
way/48428875-380,380,f,Substation,f,way/48428875,9.377510656739917,48.81262130632416,DE
way/49577401-220,220,f,Substation,f,way/49577401,6.801782173210406,51.12478785377818,DE
way/49577401-380,380,f,Substation,f,way/49577401,6.802071737062317,51.124986661844105,DE
way/499165542-220,220,f,Substation,f,way/499165542,10.150785587827222,49.981959094704905,DE
way/499165542-380,380,f,Substation,f,way/499165542,10.151081918598134,49.98214943944834,DE
way/50643382-220,220,f,Substation,f,way/50643382,8.082130111038033,52.85842829709671,DE
way/50898216-380,380,f,Substation,f,way/50898216,8.065794345737958,50.40646888868976,DE
way/515358077-380,380,f,Substation,f,way/515358077,13.318770854200627,53.73662143495691,DE
way/517421342-220,220,f,Substation,f,way/517421342,11.899691479861726,53.40722337396012,DE
way/517421342-380,380,f,Substation,f,way/517421342,11.900018774178832,53.40740892930727,DE
way/518455594-380,380,f,Substation,f,way/518455594,13.263506672901023,52.994132767024176,DE
way/51940126-220,220,f,Substation,f,way/51940126,7.724384088909446,51.40933415500087,DE
way/525964617,525,t,Substation,f,way/525964617,9.344343509608048,53.91920526002526,DE
way/525964629-380,380,f,Substation,f,way/525964629,9.34151417652635,53.9232606088432,DE
way/52983550-380,380,f,Substation,f,way/52983550,14.604063693224022,52.17483381636688,DE
way/53378027-380,380,f,Substation,f,way/53378027,10.936704054291528,48.40129105737535,DE
way/5404079-380,380,f,Substation,f,way/5404079,11.64046398733426,48.1778355456705,DE
way/54359256-220,220,f,Substation,f,way/54359256,6.996121991276713,49.37517046961877,DE
way/54359256-380,380,f,Substation,f,way/54359256,6.996402110767736,49.37536885150473,DE
way/55069713-380,380,f,Substation,f,way/55069713,9.089395240848877,49.96854854797216,DE
way/559702819-220,220,f,Substation,f,way/559702819,7.241396764570043,53.35668928633136,DE
way/559702819-380,380,f,Substation,f,way/559702819,7.241727373179591,53.35650606842895,DE
way/57727004-220,220,f,Substation,f,way/57727004,10.362357736295506,47.73856494861932,DE
way/57727004-380,380,f,Substation,f,way/57727004,10.362641741683367,47.73875491677088,DE
way/58429825-380,380,f,Substation,f,way/58429825,14.354379495514442,51.53370082458683,DE
way/59026005-380,380,f,Substation,f,way/59026005,14.946482011488383,51.06257706216022,DE
way/59707532-220,220,f,Substation,f,way/59707532,11.852268623940464,53.086768021376905,DE
way/59707532-380,380,f,Substation,f,way/59707532,11.852593263339523,53.0869537138306,DE
way/59925390-220,220,f,Substation,f,way/59925390,6.996106551024132,51.51407663678561,DE
way/59925390-380,380,f,Substation,f,way/59925390,6.996399364862198,51.514274957195646,DE
way/60032354-220,220,f,Substation,f,way/60032354,9.44895353943332,53.96763394038977,DE
way/600395952-220,220,f,Substation,f,way/600395952,8.294768126158154,49.52434026942155,DE
way/600395952-380,380,f,Substation,f,way/600395952,8.295054313652209,49.52453540031834,DE
way/603661085-380,380,f,Substation,f,way/603661085,9.05118323176567,54.16218741904653,DE
way/61918154-220,220,f,Substation,f,way/61918154,7.309822340017553,52.47474580441524,DE
way/61918154-380,380,f,Substation,f,way/61918154,7.310122748169122,52.47494333590651,DE
way/62061952-380,380,f,Substation,f,way/62061952,8.618496095327236,50.0923124548571,DE
way/63114179-220,220,f,Substation,f,way/63114179,7.166501781150382,51.38923998386466,DE
way/63114179-380,380,f,Substation,f,way/63114179,7.1667945459233735,51.38943788193215,DE
way/66038431-220,220,f,Substation,f,way/66038431,7.279233911023893,51.47216571231191,DE
way/66764943-220,220,f,Substation,f,way/66764943,6.920161429963583,49.970586184774255,DE
way/672738029-220,220,f,Substation,f,way/672738029,7.207348639180614,53.34140282988584,DE
way/683227471-380,380,f,Substation,f,way/683227471,10.213752795966254,47.93873495096108,DE
way/68532663-220,220,f,Substation,f,way/68532663,11.277682675541646,47.49583923022129,DE
way/68549340-220,220,f,Substation,f,way/68549340,7.179226850792965,51.4721017585964,DE
way/68549340-380,380,f,Substation,f,way/68549340,7.17952019057272,51.47229962370777,DE
way/698870101-220,220,f,Substation,f,way/698870101,7.452832794883612,51.41073167572011,DE
way/699048438-220,220,f,Substation,f,way/699048438,9.923768610100504,51.89757160047801,DE
way/714098678-380,380,f,Substation,f,way/714098678,12.37273273564116,51.18091782092287,DE
way/75865676-220,220,f,Substation,f,way/75865676,12.130190648027526,47.91316548107543,DE
way/76246159-380,380,f,Substation,f,way/76246159,10.863761672210876,48.54682312641084,DE
way/77038371-380,380,f,Substation,f,way/77038371,10.702276756417431,47.82643716488364,DE
way/77694901-220,220,f,Substation,f,way/77694901,12.220835373052129,48.585733020223344,DE
way/77697810-380,380,f,Substation,f,way/77697810,12.296883813845252,48.60690994884426,DE
way/78441561-380,380,f,Substation,f,way/78441561,12.851784077708489,48.76328540754032,DE
way/787265962-220,220,f,Substation,f,way/787265962,9.895526654168124,52.36066822483279,DE
way/787840119-220,220,f,Substation,f,way/787840119,7.324215309407999,51.62129181730862,DE
way/796306640-380,380,f,Substation,f,way/796306640,7.278588125929406,52.31941325743283,DE
way/797009308-380,380,f,Substation,f,way/797009308,7.194564903488351,52.869841065401765,DE
way/799361667-380,380,f,Substation,f,way/799361667,6.872250383972484,51.82767550795899,DE
way/810315511-380,380,f,Substation,f,way/810315511,9.988215024190536,51.95423006685117,DE
way/82130902-225,225,f,Substation,f,way/82130902,7.911818939259231,48.684674275056736,DE
way/82773910-220,220,f,Substation,f,way/82773910,6.7730096290423445,49.29111278960786,DE
way/82773910-380,380,f,Substation,f,way/82773910,6.773272788999674,49.29095499932569,DE
way/82773910-400,400,f,Substation,f,way/82773910,6.77335027184804,49.29118309617939,DE
way/829116805-220,220,f,Substation,f,way/829116805,8.402753251594165,53.23674860917802,DE
way/829116805-380,380,f,Substation,f,way/829116805,8.403063805184903,53.23694337409837,DE
way/83916207-220,220,f,Substation,f,way/83916207,7.706378182490162,51.27864094627364,DE
way/844075808-380,380,f,Substation,f,way/844075808,6.888440436059828,51.85035155429216,DE
way/851299584-380,380,f,Substation,f,way/851299584,12.109092975479244,53.25081992075207,DE
way/85523877-220,220,f,Substation,f,way/85523877,10.081987407091887,48.26594248166683,DE
way/85523877-380,380,f,Substation,f,way/85523877,10.082273317568085,48.2661331291524,DE
way/870598507,320,t,Substation,f,way/870598507,6.452760316105343,50.87178888903771,DE
way/870598507-380,380,f,Substation,f,way/870598507,6.458786205696756,50.871605827313786,DE
way/871646309-380,380,f,Substation,f,way/871646309,8.552867246022657,53.00298174381632,DE
way/87653464-220,220,f,Substation,f,way/87653464,7.751666640889463,48.096436687836736,DE
way/87653464-380,380,f,Substation,f,way/87653464,7.751920362778079,48.09627650732954,DE
way/87653464-400,400,f,Substation,f,way/87653464,7.75200057832894,48.0965040328803,DE
way/87722999-220,220,f,Substation,f,way/87722999,9.343388479554688,53.85167219954724,DE
way/87722999-380,380,f,Substation,f,way/87722999,9.34370779628978,53.85186453870884,DE
way/87767098-380,380,f,Substation,f,way/87767098,6.99830247140465,51.2485937507277,DE
way/881636329-380,380,f,Substation,f,way/881636329,9.489881953119395,53.63233102137863,DE
way/883768276-380,380,f,Substation,f,way/883768276,7.99857502734073,53.4853399834968,DE
way/883768277-380,380,f,Substation,f,way/883768277,7.99689489993131,53.47093167234899,DE
way/883928228-380,380,f,Substation,f,way/883928228,8.006176108659435,53.37494871641657,DE
way/883928229-380,380,f,Substation,f,way/883928229,8.003876695420347,53.400886871189,DE
way/88916034-220,220,f,Substation,f,way/88916034,7.9563718028434,47.594058095134,DE
way/88916034-380,380,f,Substation,f,way/88916034,7.956646031605341,47.5942542022786,DE
way/88945213-380,380,f,Substation,f,way/88945213,10.3918448094416,48.51789259287544,DE
way/89043564-220,220,f,Substation,f,way/89043564,7.98496782491282,50.841942714439,DE
way/89043564-380,380,f,Substation,f,way/89043564,7.985260650501817,50.84213857296622,DE
way/89176939-220,220,f,Substation,f,way/89176939,6.2109962656498015,49.95863113809307,DE
way/89176956-220,220,f,Substation,f,way/89176956,6.177959270464197,49.95300106334244,DE
way/89215122-220,220,f,Substation,f,way/89215122,6.765974666905665,49.36009077801951,DE
way/90148336-220,220,f,Substation,f,way/90148336,8.019394954936857,50.92371016240004,DE
way/907539360-380,380,f,Substation,f,way/907539360,9.434206257080024,54.52202367315532,DE
way/91080806-220,220,f,Substation,f,way/91080806,12.747900439896892,48.14852934808876,DE
way/91086220-220,220,f,Substation,f,way/91086220,13.00268925111592,48.26204474092281,DE
way/91854336-220,220,f,Substation,f,way/91854336,6.723621853009477,51.35555488940855,DE
way/91854336-380,380,f,Substation,f,way/91854336,6.723912502203759,51.35575388739563,DE
way/92024105-220,220,f,Substation,f,way/92024105,6.720304351403072,51.39152722848606,DE
way/92165128-380,380,f,Substation,f,way/92165128,7.233199541859879,51.23251322457845,DE
way/92877635-220,220,f,Substation,f,way/92877635,6.723637954750622,51.376568688086685,DE
way/93278553-220,220,f,Substation,f,way/93278553,6.542408463114821,51.299445844894905,DE
way/933248930-220,220,f,Substation,f,way/933248930,7.909206763921815,48.5014598781239,DE
way/93341407-380,380,f,Substation,f,way/93341407,11.810883623100038,50.18365735596495,DE
way/940636813-220,220,f,Substation,f,way/940636813,13.49555367987514,52.59014632052963,DE
way/940636813-380,380,f,Substation,f,way/940636813,13.49588149586988,52.59032754225207,DE
way/940919943,400,t,Substation,f,way/940919943,12.216358213321971,54.10058182532585,DE
way/940922557-380,380,f,Substation,f,way/940922557,13.901313062345432,51.87594792031688,DE
way/941198517-380,380,f,Substation,f,way/941198517,14.428281503032697,51.888904659851256,DE
way/941453716-380,380,f,Substation,f,way/941453716,13.142360343123922,53.90773354805174,DE
way/941805476-380,380,f,Substation,f,way/941805476,14.21917739976027,51.12109373096129,DE
way/942448206-220,220,f,Substation,f,way/942448206,13.709592676737923,52.53984545831394,DE
way/942448206-380,380,f,Substation,f,way/942448206,13.709920996507185,52.540026090264135,DE
way/942771541-380,380,f,Substation,f,way/942771541,13.842318813917206,50.98949485217948,DE
way/943135226-220,220,f,Substation,f,way/943135226,12.814833489612807,50.85784379630957,DE
way/943135226-380,380,f,Substation,f,way/943135226,12.81514608044342,50.8580269913548,DE
way/943939310-380,380,f,Substation,f,way/943939310,11.644047385206212,51.90827356162287,DE
way/946025110-380,380,f,Substation,f,way/946025110,12.261947603085842,51.74088635581018,DE
way/946710698-220,220,f,Substation,f,way/946710698,13.079236582539624,54.28475790452587,DE
way/946969736-380,380,f,Substation,f,way/946969736,8.868402023486777,54.79468054719029,DE
way/947118608-380,380,f,Substation,f,way/947118608,13.174668485683643,53.62359938170617,DE
way/948341123-380,380,f,Substation,f,way/948341123,10.386350950042566,51.00214826186946,DE
way/951273401-380,380,f,Substation,f,way/951273401,8.546007699922729,52.99137268013716,DE
way/951773852-380,380,f,Substation,f,way/951773852,8.529506950902952,52.96657957477845,DE
way/952004951-220,220,f,Substation,f,way/952004951,9.852727213125698,51.64925148282426,DE
way/952004951-380,380,f,Substation,f,way/952004951,9.853033083073043,51.64944252668229,DE
way/952346322-380,380,f,Substation,f,way/952346322,7.034943847094695,52.20226470688203,DE
way/953015049-380,380,f,Substation,f,way/953015049,8.89562715941734,52.56398996652801,DE
way/953757606-380,380,f,Substation,f,way/953757606,10.195149592067343,52.0798502797802,DE
way/953757608-220,220,f,Substation,f,way/953757608,10.251415598563158,52.16931629154818,DE
way/953757608-380,380,f,Substation,f,way/953757608,10.25172671724765,52.169506276137135,DE
way/95434457-220,220,f,Substation,f,way/95434457,6.612215943020854,51.03584213803568,DE
way/95434457-380,380,f,Substation,f,way/95434457,6.612504154487088,51.036041415896925,DE
way/954971276-220,220,f,Substation,f,way/954971276,11.32719639586356,49.39400824287577,DE
way/955268863-220,220,f,Substation,f,way/955268863,9.251673023303187,53.11481118614931,DE
way/955268863-380,380,f,Substation,f,way/955268863,9.251986499477155,53.11500376425266,DE
way/957746797-220,220,f,Substation,f,way/957746797,8.659221373611713,51.99951308895736,DE
way/957746797-380,380,f,Substation,f,way/957746797,8.65952451283072,51.99970720672347,DE
way/97825259-220,220,f,Substation,f,way/97825259,9.236140766885168,48.92675682913526,DE
way/97825259-380,380,f,Substation,f,way/97825259,9.236427209071884,48.92694960294972,DE
way/97857512-220,220,f,Substation,f,way/97857512,10.420389500812318,52.16520037936622,DE
way/979801144-220,220,f,Substation,f,way/979801144,7.011451856840451,52.17753999512608,DE
way/979801144-380,380,f,Substation,f,way/979801144,7.011748983501065,52.17773827249219,DE
